EmpID,Age,Attrition,BusinessTravel,Department,DistanceFromHome,EducationField,EnvironmentSatisfaction,Gender,JobRole,JobSatisfaction,MaritalStatus,MonthlyIncome,MonthlyRate,NumCompaniesWorked,OverTime,PercentSalaryHike,PerformanceRating,RelationshipSatisfaction,TotalWorkingYears,TrainingTimesLastYear,WorkLifeBalance,YearsAtCompany,YearsInCurrentRole,YearsSinceLastPromotion,AgeGroup,SalarySlab
RM650,53,No,Travel_Rarely,Research & Development,23,Life Sciences,4,Female,Research Director,4,Single,14275,20206,6,No,18,3,3,33,0,3,12,9,3,46-55,10k-15k
RM015,28,Yes,Travel_Rarely,Research & Development,24,Life Sciences,3,Male,Laboratory Technician,3,Single,2028,12947,5,Yes,14,3,2,6,4,3,4,2,0,26-35,Upto 5k
RM1111,35,Yes,Travel_Rarely,Research & Development,2,Life Sciences,1,Female,Laboratory Technician,1,Divorced,2074,26619,1,Yes,12,3,4,1,2,3,1,0,0,26-35,Upto 5k
RM1438,39,No,Non_Travel,Research & Development,9,Life Sciences,4,Male,Manager,4,Single,19431,15302,2,No,13,3,3,21,3,2,6,0,1,36-45,15k+
RM311,31,No,Travel_Rarely,Human Resources,2,Human Resources,1,Male,Human Resources,1,Married,6410,17822,3,No,12,3,4,9,1,3,2,2,1,26-35,5k-10k
RM885,40,No,Travel_Rarely,Sales,10,Technical Degree,2,Female,Sales Executive,2,Divorced,6852,11591,7,No,12,3,2,7,2,4,5,1,1,36-45,5k-10k
RM733,30,Yes,Travel_Frequently,Research & Development,5,Medical,2,Female,Laboratory Technician,2,Single,2422,25725,0,No,17,3,1,4,3,3,3,2,1,26-35,Upto 5k
RM083,55,No,Travel_Rarely,Sales,1,Life Sciences,1,Male,Sales Executive,4,Married,10239,18092,3,No,14,3,4,24,4,3,1,0,1,46-55,10k-15k
RM863,44,No,Non_Travel,Research & Development,17,Life Sciences,4,Male,Research Scientist,3,Single,2290,4279,2,No,13,3,4,6,3,3,0,0,0,36-45,Upto 5k
RM174,30,No,Non_Travel,Research & Development,9,Medical,3,Male,Laboratory Technician,1,Divorced,3072,11012,1,No,11,3,3,12,4,3,12,9,6,26-35,Upto 5k
RM1058,29,Yes,Travel_Frequently,Sales,13,Technical Degree,1,Female,Sales Executive,2,Single,5765,17485,5,No,11,3,1,7,4,1,5,3,0,26-35,5k-10k
RM1430,39,No,Travel_Rarely,Research & Development,24,Life Sciences,1,Male,Research Scientist,4,Single,4108,5340,7,No,13,3,1,18,2,3,7,7,1,36-45,Upto 5k
RM881,32,No,Travel_Frequently,Research & Development,13,Other,3,Female,Laboratory Technician,2,Married,2743,7331,1,No,20,4,3,2,2,3,2,2,2,26-35,Upto 5k
RM1352,48,No,Travel_Frequently,Research & Development,22,Medical,4,Female,Manager,4,Married,17174,2437,3,No,11,3,2,24,3,3,22,17,4,46-55,15k+
RM315,39,No,Travel_Rarely,Research & Development,10,Medical,3,Male,Manager,1,Married,17068,5355,1,Yes,14,3,4,21,3,3,21,9,11,36-45,15k+
RM623,32,No,Travel_Rarely,Sales,13,Life Sciences,2,Male,Sales Executive,4,Divorced,4403,9250,2,No,11,3,3,8,3,2,5,2,0,26-35,Upto 5k
RM884,33,No,Travel_Rarely,Research & Development,9,Medical,1,Male,Research Scientist,4,Married,2781,6311,0,No,13,3,2,15,5,3,14,10,4,26-35,Upto 5k
RM1133,40,No,Travel_Rarely,Sales,14,Life Sciences,4,Female,Sales Executive,1,Married,4639,11262,1,No,15,3,3,5,2,3,5,4,1,36-45,Upto 5k
RM592,33,Yes,Travel_Rarely,Sales,16,Marketing,1,Female,Sales Executive,1,Single,5324,26507,5,No,15,3,3,6,3,3,3,2,0,26-35,5k-10k
RM1404,39,No,Travel_Rarely,Sales,15,Marketing,2,Male,Sales Executive,1,Single,13341,25098,0,No,12,3,1,21,3,3,20,8,11,36-45,10k-15k
RM224,38,No,Travel_Rarely,Sales,3,Life Sciences,1,Male,Sales Executive,3,Divorced,10609,9647,0,No,12,3,3,17,6,2,16,10,5,36-45,10k-15k
RM170,32,No,Travel_Rarely,Research & Development,6,Life Sciences,3,Male,Research Scientist,3,Single,3038,12430,3,No,20,4,1,8,2,3,5,4,1,26-35,Upto 5k
RM098,28,No,Non_Travel,Sales,4,Medical,2,Male,Sales Executive,3,Married,4221,8863,1,No,15,3,2,5,3,4,5,4,0,26-35,Upto 5k
RM580,34,No,Travel_Rarely,Research & Development,2,Medical,3,Female,Research Scientist,1,Single,4381,7530,1,No,11,3,3,6,3,3,6,5,1,26-35,Upto 5k
RM206,29,Yes,Travel_Rarely,Sales,27,Marketing,2,Female,Sales Executive,4,Married,7639,24525,1,No,22,4,4,10,3,2,10,4,1,26-35,5k-10k
RM761,53,No,Travel_Frequently,Sales,2,Marketing,3,Female,Sales Executive,2,Married,7525,23537,2,No,12,3,1,30,2,3,15,7,6,46-55,5k-10k
RM768,37,No,Travel_Rarely,Research & Development,3,Other,4,Female,Healthcare Representative,2,Single,4107,13848,3,No,15,3,1,8,3,2,4,3,0,36-45,Upto 5k
RM033,30,No,Travel_Rarely,Research & Development,9,Medical,4,Male,Laboratory Technician,3,Single,2206,16117,1,No,13,3,1,10,5,3,10,0,1,26-35,Upto 5k
RM263,32,No,Travel_Rarely,Research & Development,2,Technical Degree,4,Male,Laboratory Technician,1,Single,2176,19737,4,No,13,3,4,9,5,3,6,2,0,26-35,Upto 5k
RM690,20,Yes,Travel_Rarely,Research & Development,4,Technical Degree,1,Male,Laboratory Technician,1,Single,2973,13008,1,No,19,3,2,1,2,3,1,0,0,18-25,Upto 5k
RM812,38,No,Travel_Rarely,Sales,2,Marketing,4,Male,Sales Executive,2,Single,7351,20619,7,No,16,3,3,10,2,3,1,0,0,36-45,5k-10k
RM637,35,Yes,Travel_Frequently,Research & Development,25,Life Sciences,4,Female,Research Scientist,2,Divorced,2022,16612,1,Yes,19,3,1,10,3,2,10,2,7,26-35,Upto 5k
RM918,34,No,Travel_Rarely,Sales,2,Marketing,3,Female,Sales Executive,1,Single,4538,6039,0,Yes,12,3,4,4,3,3,3,2,0,26-35,Upto 5k
RM075,36,No,Travel_Rarely,Research & Development,6,Life Sciences,2,Female,Laboratory Technician,4,Married,3038,22002,3,No,12,3,2,5,3,3,1,0,0,36-45,Upto 5k
RM177,33,No,Travel_Rarely,Research & Development,2,Life Sciences,3,Male,Research Scientist,4,Single,2500,10515,0,No,14,3,1,4,2,4,3,1,0,26-35,Upto 5k
RM746,55,No,Travel_Frequently,Research & Development,18,Medical,3,Male,Healthcare Representative,2,Married,6385,12992,3,Yes,14,3,4,17,3,3,8,7,6,46-55,5k-10k
RM921,34,No,Travel_Frequently,Research & Development,19,Medical,3,Female,Laboratory Technician,2,Divorced,4444,22534,4,No,13,3,3,15,2,4,11,8,5,26-35,Upto 5k
RM998,27,Yes,Travel_Rarely,Research & Development,17,Life Sciences,4,Female,Research Scientist,3,Single,2394,25681,1,Yes,13,3,4,8,2,3,8,2,7,26-35,Upto 5k
RM1079,44,No,Travel_Rarely,Research & Development,28,Life Sciences,4,Male,Research Director,1,Married,16328,22074,3,No,13,3,3,24,1,4,20,6,14,36-45,15k+
RM1388,29,No,Travel_Rarely,Research & Development,1,Life Sciences,1,Male,Healthcare Representative,1,Married,5373,6225,0,No,12,3,1,6,5,2,5,3,0,26-35,5k-10k
RM197,35,No,Travel_Frequently,Research & Development,2,Medical,2,Female,Laboratory Technician,2,Single,4425,15986,5,No,11,3,4,10,5,3,6,2,1,26-35,Upto 5k
RM721,30,Yes,Travel_Rarely,Research & Development,22,Life Sciences,1,Female,Research Scientist,3,Married,2132,11539,4,Yes,11,3,2,7,2,3,5,2,0,26-35,Upto 5k
RM181,31,No,Travel_Rarely,Research & Development,12,Medical,3,Female,Research Scientist,4,Married,3929,6984,8,Yes,23,4,3,7,0,3,4,2,0,26-35,Upto 5k
RM552,39,No,Travel_Rarely,Human Resources,3,Human Resources,3,Female,Human Resources,2,Married,6389,18767,9,No,15,3,3,12,3,1,8,3,3,36-45,5k-10k
RM635,25,No,Travel_Rarely,Sales,3,Other,3,Male,Sales Executive,1,Married,4194,14363,1,Yes,18,3,4,5,3,3,5,3,0,18-25,Upto 5k
RM226,59,No,Travel_Rarely,Research & Development,3,Life Sciences,3,Male,Research Scientist,4,Married,2177,8456,3,No,17,3,1,7,6,3,1,0,0,55+,Upto 5k
RM113,54,No,Non_Travel,Human Resources,26,Human Resources,4,Female,Manager,4,Single,17328,13871,2,Yes,12,3,3,23,3,3,5,3,4,46-55,15k+
RM468,37,No,Non_Travel,Sales,9,Medical,1,Male,Sales Executive,2,Divorced,8834,24666,1,No,13,3,4,9,6,3,9,5,7,36-45,5k-10k
RM367,41,Yes,Travel_Frequently,Sales,4,Marketing,1,Male,Sales Executive,2,Single,9355,9558,1,No,18,3,3,8,5,3,8,7,7,36-45,5k-10k
RM431,35,No,Travel_Rarely,Research & Development,22,Life Sciences,4,Male,Laboratory Technician,3,Single,4230,19225,0,No,15,3,3,6,2,3,5,4,4,26-35,Upto 5k
RM344,29,No,Travel_Rarely,Sales,10,Marketing,4,Female,Sales Executive,2,Divorced,8268,11866,1,Yes,14,3,1,7,2,3,7,7,1,26-35,5k-10k
RM752,50,No,Non_Travel,Sales,1,Life Sciences,4,Female,Sales Executive,3,Married,6347,24920,0,No,12,3,1,19,3,3,18,7,0,46-55,5k-10k
RM1216,35,No,Travel_Frequently,Research & Development,2,Medical,1,Male,Research Scientist,4,Single,4930,13970,0,Yes,14,3,3,6,2,4,5,4,1,26-35,Upto 5k
RM127,58,Yes,Travel_Rarely,Research & Development,23,Medical,4,Female,Healthcare Representative,4,Married,10312,3465,1,No,12,3,4,40,3,2,40,10,15,55+,10k-15k
RM284,55,No,Travel_Rarely,Research & Development,20,Technical Degree,2,Male,Laboratory Technician,4,Married,5415,15972,3,Yes,19,3,4,12,4,3,10,7,0,46-55,5k-10k
RM222,33,No,Travel_Rarely,Research & Development,4,Medical,3,Female,Research Scientist,2,Married,2622,13248,6,No,21,4,4,7,3,3,3,2,1,26-35,Upto 5k
RM864,33,No,Travel_Rarely,Human Resources,2,Human Resources,2,Male,Human Resources,3,Married,3600,8429,1,No,13,3,4,5,2,3,5,4,1,26-35,Upto 5k
RM1194,38,No,Travel_Frequently,Research & Development,2,Medical,4,Female,Laboratory Technician,2,Single,2440,23826,1,No,22,4,2,4,3,3,4,3,3,36-45,Upto 5k
RM878,46,No,Travel_Rarely,Research & Development,2,Technical Degree,4,Male,Manufacturing Director,4,Divorced,7379,17433,2,No,11,3,3,12,3,2,6,3,1,46-55,5k-10k
RM704,38,No,Non_Travel,Sales,10,Technical Degree,3,Female,Sales Executive,4,Single,5666,19899,1,Yes,13,3,2,6,1,3,5,3,1,36-45,5k-10k
RM731,30,No,Travel_Rarely,Research & Development,8,Life Sciences,2,Female,Research Director,1,Married,11416,17802,0,Yes,12,3,3,9,4,2,8,7,1,26-35,10k-15k
RM012,29,No,Travel_Rarely,Research & Development,15,Life Sciences,4,Female,Laboratory Technician,3,Single,4193,12682,0,Yes,12,3,4,10,3,3,9,5,0,26-35,Upto 5k
RM676,31,No,Travel_Rarely,Sales,7,Life Sciences,2,Male,Sales Representative,3,Married,2329,11737,3,No,15,3,2,13,2,4,7,7,5,26-35,Upto 5k
RM1398,54,No,Travel_Rarely,Research & Development,9,Life Sciences,1,Female,Research Scientist,3,Married,2897,22474,3,No,11,3,3,9,6,2,4,3,2,46-55,Upto 5k
RM1468,27,No,Travel_Rarely,Research & Development,4,Life Sciences,2,Male,Manufacturing Director,2,Married,6142,5174,1,Yes,20,4,2,6,0,3,6,2,0,26-35,5k-10k
RM371,21,Yes,Travel_Rarely,Sales,12,Life Sciences,3,Female,Sales Representative,2,Single,2716,25422,1,No,15,3,4,1,0,3,1,0,0,18-25,Upto 5k
RM1407,54,No,Travel_Rarely,Research & Development,10,Medical,3,Female,Manufacturing Director,1,Single,4440,25198,6,Yes,19,3,4,9,3,3,5,2,1,46-55,Upto 5k
RM1387,26,No,Travel_Rarely,Research & Development,1,Medical,3,Male,Laboratory Technician,1,Single,2867,20006,0,No,13,3,4,8,6,2,7,7,7,26-35,Upto 5k
RM502,30,No,Travel_Frequently,Research & Development,3,Medical,3,Female,Research Scientist,3,Divorced,2083,22653,1,No,20,4,3,1,2,3,1,0,0,26-35,Upto 5k
RM1239,23,No,Travel_Rarely,Research & Development,4,Medical,3,Female,Laboratory Technician,2,Single,3295,12862,1,No,13,3,3,3,3,1,3,2,1,18-25,Upto 5k
RM1433,37,No,Travel_Rarely,Research & Development,10,Life Sciences,3,Female,Research Director,4,Married,13744,15471,1,Yes,25,4,1,16,2,3,16,11,6,36-45,10k-15k
RM445,48,No,Travel_Rarely,Sales,2,Marketing,2,Female,Sales Executive,4,Married,4051,19658,2,No,14,3,1,14,2,3,9,7,6,46-55,Upto 5k
RM1240,31,No,Travel_Frequently,Research & Development,24,Technical Degree,4,Female,Manufacturing Director,4,Single,5238,6670,2,No,20,4,4,9,3,2,5,4,1,26-35,5k-10k
RM385,36,No,Travel_Rarely,Sales,2,Medical,2,Male,Sales Executive,3,Married,7596,3809,1,No,13,3,2,10,2,3,10,9,9,36-45,5k-10k
RM831,41,No,Travel_Rarely,Research & Development,12,Life Sciences,2,Male,Laboratory Technician,4,Married,4766,9051,3,Yes,11,3,1,6,4,3,1,0,0,36-45,Upto 5k
RM561,34,No,Travel_Rarely,Research & Development,8,Life Sciences,2,Female,Manufacturing Director,1,Divorced,5121,4187,3,No,14,3,3,7,3,3,0,0,0,26-35,5k-10k
RM917,46,No,Travel_Rarely,Sales,4,Marketing,4,Female,Manager,2,Married,18789,9946,2,No,14,3,3,26,2,3,11,4,0,46-55,15k+
RM543,38,No,Travel_Rarely,Research & Development,1,Life Sciences,3,Female,Manufacturing Director,3,Single,7861,15397,4,Yes,14,3,4,10,4,4,1,0,0,36-45,5k-10k
RM1353,44,No,Travel_Rarely,Research & Development,1,Life Sciences,2,Male,Healthcare Representative,1,Married,5033,9364,2,No,15,3,4,10,5,3,2,0,2,36-45,5k-10k
RM1156,39,No,Travel_Rarely,Research & Development,3,Medical,3,Male,Laboratory Technician,3,Divorced,3069,10302,0,No,15,3,4,11,3,3,10,8,0,36-45,Upto 5k
RM1019,36,No,Travel_Rarely,Research & Development,4,Life Sciences,1,Male,Laboratory Technician,4,Single,5810,22604,1,No,16,3,3,10,2,2,10,4,1,36-45,5k-10k
RM822,49,No,Travel_Rarely,Sales,8,Technical Degree,4,Male,Sales Executive,2,Married,13120,11879,6,No,17,3,2,22,3,3,9,8,2,46-55,10k-15k
RM1244,45,No,Travel_Rarely,Human Resources,4,Life Sciences,3,Female,Human Resources,3,Married,9756,6595,4,No,21,4,3,9,2,4,5,0,0,36-45,5k-10k
RM915,55,No,Non_Travel,Research & Development,8,Medical,4,Male,Healthcare Representative,2,Married,13577,25592,1,Yes,15,3,4,34,3,3,33,9,15,46-55,10k-15k
RM662,43,No,Travel_Rarely,Research & Development,8,Life Sciences,1,Female,Manufacturing Director,2,Divorced,4765,23814,4,No,21,4,3,4,2,4,1,0,0,36-45,Upto 5k
RM879,42,No,Non_Travel,Human Resources,2,Medical,4,Male,Human Resources,1,Married,6272,12858,7,No,16,3,1,10,3,4,4,3,0,36-45,5k-10k
RM619,25,No,Travel_Rarely,Research & Development,2,Medical,1,Male,Research Scientist,1,Single,3424,21632,7,No,13,3,3,6,3,2,4,3,0,18-25,Upto 5k
RM1253,34,No,Travel_Rarely,Research & Development,2,Medical,4,Male,Research Scientist,4,Married,2932,5586,0,Yes,14,3,1,6,3,3,5,0,1,26-35,Upto 5k
RM575,34,No,Travel_Rarely,Research & Development,1,Life Sciences,2,Female,Research Scientist,4,Single,3280,13551,2,No,16,3,3,10,2,3,4,2,1,26-35,Upto 5k
RM1015,31,No,Travel_Rarely,Research & Development,8,Life Sciences,1,Female,Research Director,2,Single,16422,8847,3,No,11,3,3,9,3,4,3,2,1,26-35,15k+
RM316,43,No,Travel_Frequently,Research & Development,10,Life Sciences,3,Female,Laboratory Technician,4,Single,2455,10675,0,No,19,3,1,9,5,3,8,7,1,36-45,Upto 5k
RM1303,35,No,Travel_Rarely,Research & Development,23,Medical,2,Male,Laboratory Technician,3,Married,2705,9696,0,No,16,3,2,6,2,4,5,4,0,26-35,Upto 5k
RM825,42,No,Travel_Rarely,Research & Development,29,Medical,2,Male,Laboratory Technician,4,Single,4272,9558,4,No,19,3,1,16,3,3,1,0,0,36-45,Upto 5k
RM681,36,No,Travel_Rarely,Research & Development,7,Other,2,Male,Research Scientist,4,Single,4678,23293,2,No,18,3,3,8,6,3,6,2,0,36-45,Upto 5k
RM1402,55,No,Travel_Rarely,Human Resources,26,Human Resources,3,Male,Manager,2,Married,19636,25811,4,Yes,18,3,1,35,0,3,10,9,1,46-55,15k+
RM408,45,No,Travel_Rarely,Research & Development,10,Life Sciences,1,Male,Research Scientist,4,Married,2654,9655,3,No,21,4,4,8,3,2,2,2,0,36-45,Upto 5k
RM313,31,No,Travel_Rarely,Research & Development,2,Life Sciences,3,Male,Research Scientist,4,Divorced,2695,7747,0,Yes,18,3,2,3,2,1,2,2,2,26-35,Upto 5k
RM782,26,No,Travel_Rarely,Research & Development,1,Medical,1,Male,Laboratory Technician,1,Married,3955,11141,1,No,16,3,1,6,2,3,5,3,1,26-35,Upto 5k
RM078,45,No,Travel_Rarely,Research & Development,6,Other,4,Male,Research Director,1,Married,13245,15067,4,Yes,14,3,2,17,3,4,0,0,0,36-45,10k-15k
RM930,28,No,Travel_Frequently,Research & Development,2,Life Sciences,4,Male,Laboratory Technician,4,Married,3867,14222,1,Yes,12,3,2,2,2,3,2,2,2,26-35,Upto 5k
RM154,45,No,Travel_Rarely,Research & Development,9,Life Sciences,2,Male,Laboratory Technician,2,Divorced,2348,10901,8,No,18,3,3,20,2,1,17,9,0,36-45,Upto 5k
RM462,35,No,Travel_Rarely,Sales,1,Medical,1,Female,Sales Executive,3,Single,4859,6698,1,No,16,3,4,5,3,3,5,4,0,26-35,Upto 5k
RM1275,31,No,Travel_Rarely,Sales,29,Marketing,1,Female,Sales Executive,4,Married,5468,13402,1,No,14,3,1,13,3,3,12,7,5,26-35,5k-10k
RM834,27,No,Travel_Rarely,Research & Development,6,Life Sciences,4,Male,Research Scientist,3,Married,2539,7950,1,No,13,3,3,4,0,3,4,2,2,26-35,Upto 5k
RM876,44,No,Travel_Rarely,Research & Development,29,Other,4,Male,Research Scientist,4,Single,4541,7744,1,No,25,4,2,20,3,3,20,11,13,36-45,Upto 5k
RM1003,35,No,Travel_Frequently,Research & Development,18,Life Sciences,3,Male,Manufacturing Director,4,Single,9362,19944,2,No,11,3,3,10,2,3,2,2,2,26-35,5k-10k
RM389,42,No,Travel_Rarely,Research & Development,1,Life Sciences,2,Female,Laboratory Technician,1,Divorced,2576,20490,3,No,16,3,2,8,5,3,5,2,1,36-45,Upto 5k
RM1431,38,No,Travel_Rarely,Research & Development,10,Medical,2,Female,Research Director,3,Married,13206,3376,3,No,12,3,1,20,3,3,18,16,1,36-45,10k-15k
RM146,30,No,Travel_Rarely,Research & Development,5,Technical Degree,4,Female,Research Scientist,1,Divorced,3204,10415,5,No,14,3,4,8,3,3,3,2,2,26-35,Upto 5k
RM593,47,No,Travel_Rarely,Research & Development,2,Other,3,Female,Manager,4,Married,16752,12982,1,Yes,11,3,3,26,3,2,26,14,3,46-55,15k+
RM1017,31,Yes,Travel_Rarely,Research & Development,8,Life Sciences,1,Female,Research Scientist,2,Single,1261,22262,1,No,12,3,3,1,3,4,1,0,0,26-35,Upto 5k
RM382,30,No,Travel_Rarely,Sales,2,Technical Degree,3,Male,Sales Representative,2,Married,2476,17434,1,No,18,3,1,1,3,3,1,0,0,26-35,Upto 5k
RM814,39,Yes,Travel_Frequently,Research & Development,2,Life Sciences,1,Male,Healthcare Representative,4,Divorced,12169,13547,7,No,11,3,4,21,4,3,18,7,11,36-45,10k-15k
RM495,34,No,Travel_Rarely,Sales,14,Technical Degree,3,Female,Sales Representative,3,Divorced,2579,2912,1,Yes,18,3,4,8,3,3,8,2,0,26-35,Upto 5k
RM997,27,No,Travel_Rarely,Sales,10,Marketing,4,Female,Sales Executive,4,Married,5769,7100,1,Yes,11,3,4,6,3,3,6,2,4,26-35,5k-10k
RM957,56,No,Travel_Rarely,Human Resources,8,Life Sciences,4,Male,Manager,2,Single,19717,4022,6,No,14,3,1,36,4,3,7,3,7,55+,15k+
RM1322,47,No,Travel_Rarely,Research & Development,9,Life Sciences,2,Female,Laboratory Technician,3,Single,2105,5411,4,No,12,3,3,7,2,3,2,2,2,46-55,Upto 5k
RM1158,35,No,Non_Travel,Research & Development,8,Life Sciences,3,Female,Healthcare Representative,3,Married,4148,12250,1,No,12,3,4,15,5,3,14,11,2,26-35,Upto 5k
RM425,57,No,Travel_Rarely,Sales,29,Marketing,1,Male,Manager,4,Married,14118,22102,3,No,12,3,3,32,3,2,1,0,0,55+,10k-15k
RM332,27,No,Non_Travel,Sales,1,Marketing,3,Male,Sales Executive,2,Married,6349,22107,0,Yes,13,3,4,6,0,3,5,4,1,26-35,5k-10k
RM1256,33,Yes,Travel_Rarely,Sales,16,Life Sciences,1,Female,Sales Executive,1,Single,8564,10092,2,Yes,20,4,3,11,2,2,0,0,0,26-35,5k-10k
RM591,33,No,Travel_Rarely,Research & Development,7,Medical,3,Male,Research Director,3,Married,11691,25995,0,No,11,3,4,14,3,4,13,9,3,26-35,10k-15k
RM009,38,No,Travel_Frequently,Research & Development,23,Life Sciences,4,Male,Manufacturing Director,3,Single,9526,8787,0,No,21,4,2,10,2,3,9,7,1,36-45,5k-10k
RM136,36,No,Travel_Rarely,Research & Development,6,Medical,2,Male,Manufacturing Director,2,Divorced,4941,2819,6,No,20,4,4,7,0,3,3,2,0,36-45,Upto 5k
RM758,34,No,Travel_Rarely,Sales,1,Marketing,2,Male,Sales Executive,4,Divorced,9725,12278,0,No,11,3,4,16,2,2,15,1,0,26-35,5k-10k
RM545,47,No,Travel_Frequently,Sales,3,Medical,4,Female,Sales Executive,3,Married,13770,10225,9,Yes,12,3,4,28,2,2,22,2,11,46-55,10k-15k
RM818,36,No,Non_Travel,Research & Development,18,Life Sciences,1,Male,Manufacturing Director,4,Single,7779,23238,2,No,20,4,1,18,0,3,11,9,0,36-45,5k-10k
RM1364,33,No,Travel_Rarely,Sales,10,Marketing,2,Male,Sales Executive,3,Single,5487,10410,1,No,14,3,2,10,2,2,10,4,0,26-35,5k-10k
RM735,22,No,Travel_Rarely,Research & Development,8,Life Sciences,2,Male,Laboratory Technician,1,Married,2451,6881,1,No,15,3,1,4,3,2,4,3,1,18-25,Upto 5k
RM1041,40,No,Non_Travel,Research & Development,8,Medical,4,Male,Research Director,2,Divorced,13757,25178,2,No,11,3,3,16,5,3,9,8,4,36-45,10k-15k
RM304,31,No,Travel_Rarely,Sales,7,Technical Degree,2,Male,Sales Executive,4,Married,6929,12241,4,No,11,3,2,10,3,2,8,7,7,26-35,5k-10k
RM1346,35,No,Travel_Rarely,Research & Development,16,Other,4,Female,Manufacturing Director,2,Married,4788,25388,0,Yes,11,3,4,4,2,3,3,2,0,26-35,Upto 5k
RM1078,29,Yes,Travel_Rarely,Research & Development,1,Technical Degree,1,Male,Research Scientist,1,Single,2362,7568,6,No,13,3,3,11,2,1,9,7,0,26-35,Upto 5k
RM1081,46,No,Travel_Rarely,Sales,3,Life Sciences,3,Female,Manager,2,Married,16606,11380,8,No,12,3,4,23,2,4,13,12,5,46-55,15k+
RM274,37,No,Travel_Rarely,Sales,6,Medical,3,Male,Sales Executive,4,Married,6502,22825,4,No,14,3,2,7,5,4,5,4,0,36-45,5k-10k
RM297,18,Yes,Travel_Rarely,Research & Development,3,Life Sciences,3,Male,Laboratory Technician,3,Single,1420,25233,1,No,13,3,3,0,2,3,0,0,0,18-25,Upto 5k
RM703,30,No,Travel_Rarely,Sales,8,Other,3,Male,Sales Executive,3,Divorced,7264,9977,5,No,11,3,1,10,2,4,8,4,7,26-35,5k-10k
RM455,29,No,Travel_Rarely,Research & Development,19,Technical Degree,4,Male,Manufacturing Director,4,Divorced,4262,22645,4,No,12,3,2,8,2,4,3,2,1,26-35,Upto 5k
RM1291,34,Yes,Travel_Frequently,Research & Development,9,Life Sciences,4,Male,Laboratory Technician,1,Married,5346,6208,4,No,17,3,3,11,3,2,7,1,0,26-35,5k-10k
RM1429,32,No,Travel_Rarely,Sales,1,Medical,2,Male,Sales Representative,2,Married,2269,18024,0,No,14,3,2,3,2,3,2,2,2,26-35,Upto 5k
RM919,51,No,Travel_Frequently,Sales,9,Life Sciences,4,Male,Manager,2,Married,19847,19196,4,Yes,24,4,1,31,5,2,29,10,11,46-55,15k+
RM503,53,No,Travel_Rarely,Sales,1,Medical,4,Female,Sales Executive,1,Single,8381,7507,7,No,20,4,4,18,2,4,14,7,8,46-55,5k-10k
RM1376,32,Yes,Travel_Frequently,Research & Development,5,Life Sciences,1,Female,Research Scientist,3,Single,2432,15318,3,Yes,14,3,1,8,2,3,4,1,0,26-35,Upto 5k
RM579,38,No,Travel_Frequently,Research & Development,2,Life Sciences,1,Female,Manufacturing Director,1,Single,5980,26085,6,Yes,12,3,4,17,2,3,15,7,4,36-45,5k-10k
RM108,25,Yes,Travel_Rarely,Sales,5,Marketing,3,Male,Sales Executive,3,Single,5744,26959,1,Yes,11,3,4,6,1,3,6,4,0,18-25,5k-10k
RM1223,24,Yes,Travel_Rarely,Human Resources,22,Human Resources,4,Male,Human Resources,3,Married,1555,11585,1,No,11,3,3,1,2,3,1,0,0,18-25,Upto 5k
RM1142,30,No,Travel_Rarely,Research & Development,7,Medical,2,Male,Research Scientist,2,Married,2141,5348,1,No,12,3,2,6,3,2,6,4,1,26-35,Upto 5k
RM519,38,No,Travel_Rarely,Sales,7,Marketing,4,Female,Sales Executive,4,Single,4028,7791,0,No,20,4,1,8,2,3,7,7,0,36-45,Upto 5k
RM1270,43,No,Travel_Rarely,Human Resources,2,Life Sciences,2,Male,Human Resources,4,Single,3539,5033,0,No,13,3,2,10,5,3,9,7,1,36-45,Upto 5k
RM747,41,No,Non_Travel,Research & Development,7,Life Sciences,2,Female,Research Director,3,Divorced,19973,20284,1,No,22,4,2,21,3,3,21,16,5,36-45,15k+
RM829,18,Yes,Non_Travel,Research & Development,8,Medical,3,Male,Laboratory Technician,3,Single,1904,13556,1,No,12,3,4,0,0,3,0,0,0,18-25,Upto 5k
RM719,45,No,Non_Travel,Research & Development,23,Life Sciences,4,Male,Laboratory Technician,1,Married,3633,14039,1,Yes,15,3,3,9,2,3,9,8,0,36-45,Upto 5k
RM652,47,No,Travel_Rarely,Sales,2,Marketing,3,Female,Sales Executive,4,Married,4537,17783,0,Yes,22,4,1,8,2,3,7,6,7,46-55,Upto 5k
RM125,31,Yes,Travel_Rarely,Sales,6,Life Sciences,2,Male,Sales Executive,3,Married,6172,20739,4,Yes,18,3,2,12,3,2,7,7,7,26-35,5k-10k
RM916,21,Yes,Travel_Frequently,Research & Development,10,Life Sciences,1,Female,Laboratory Technician,3,Single,2625,25308,1,No,20,4,3,2,2,1,2,2,2,18-25,Upto 5k
RM245,45,No,Travel_Rarely,Research & Development,1,Other,3,Male,Manager,4,Married,19202,15970,0,No,11,3,3,25,2,3,24,0,1,36-45,15k+
RM604,45,No,Travel_Rarely,Research & Development,2,Life Sciences,2,Female,Research Scientist,3,Single,2274,6153,1,No,14,3,4,1,3,3,1,0,0,36-45,Upto 5k
RM384,22,No,Travel_Rarely,Research & Development,11,Medical,1,Female,Research Scientist,2,Married,2244,24440,1,No,13,3,4,2,1,3,2,1,1,18-25,Upto 5k
RM482,34,No,Travel_Rarely,Research & Development,1,Life Sciences,2,Male,Research Scientist,4,Married,3622,22794,1,Yes,13,3,4,6,3,3,6,5,1,26-35,Upto 5k
RM952,41,No,Non_Travel,Sales,10,Medical,3,Male,Sales Executive,2,Single,6151,22074,1,No,13,3,1,19,4,3,19,2,11,36-45,5k-10k
RM1001,52,No,Travel_Rarely,Research & Development,8,Other,3,Female,Laboratory Technician,1,Married,2950,17363,9,No,13,3,3,12,2,1,5,4,0,46-55,Upto 5k
RM463,34,No,Travel_Rarely,Sales,21,Life Sciences,4,Male,Sales Executive,4,Single,5337,19921,1,No,12,3,4,10,3,3,10,7,5,26-35,5k-10k
RM1299,46,Yes,Travel_Rarely,Research & Development,21,Medical,4,Female,Healthcare Representative,2,Married,8926,10842,4,No,22,4,4,13,2,4,9,7,3,46-55,5k-10k
RM687,41,No,Travel_Rarely,Research & Development,6,Medical,4,Male,Laboratory Technician,1,Single,4721,3119,2,Yes,13,3,3,20,3,3,18,13,2,36-45,Upto 5k
RM1127,50,No,Travel_Rarely,Sales,9,Marketing,3,Male,Manager,3,Married,19331,19519,4,Yes,16,3,3,27,2,3,1,0,0,46-55,15k+
RM742,42,No,Travel_Rarely,Sales,5,Marketing,4,Male,Manager,3,Married,18303,7770,6,No,13,3,2,21,3,4,1,0,0,36-45,15k+
RM749,26,Yes,Non_Travel,Sales,29,Medical,2,Male,Sales Executive,1,Single,4969,21813,8,No,18,3,4,7,6,3,2,2,2,26-35,Upto 5k
RM910,19,No,Travel_Rarely,Research & Development,25,Life Sciences,2,Female,Research Scientist,4,Single,2994,21221,1,Yes,12,3,4,1,2,3,1,0,0,18-25,Upto 5k
RM750,52,Yes,Travel_Rarely,Sales,2,Marketing,1,Female,Manager,4,Married,19845,25846,1,No,15,3,4,33,3,3,32,14,6,46-55,15k+
RM935,25,No,Travel_Rarely,Research & Development,1,Medical,4,Female,Research Scientist,2,Single,2096,18830,1,No,18,3,4,2,3,2,2,2,2,18-25,Upto 5k
RM976,55,Yes,Travel_Rarely,Sales,13,Marketing,1,Male,Sales Executive,3,Single,13695,9277,6,Yes,17,3,3,24,2,2,19,7,3,46-55,10k-15k
RM447,41,No,Non_Travel,Sales,10,Life Sciences,4,Male,Sales Executive,4,Single,6230,13430,7,No,14,3,4,16,3,3,14,3,1,36-45,5k-10k
RM1211,33,No,Travel_Rarely,Research & Development,21,Medical,2,Male,Laboratory Technician,2,Married,2028,13637,1,No,18,3,4,14,6,3,14,11,2,26-35,Upto 5k
RM1427,32,No,Travel_Rarely,Research & Development,29,Life Sciences,3,Female,Laboratory Technician,2,Single,2837,15919,1,No,13,3,3,6,3,3,6,2,4,26-35,Upto 5k
RM560,38,No,Travel_Rarely,Research & Development,2,Medical,4,Male,Research Scientist,3,Married,3057,20471,6,Yes,13,3,2,6,0,1,1,0,0,36-45,Upto 5k
RM257,42,No,Travel_Rarely,Research & Development,2,Medical,4,Female,Laboratory Technician,1,Divorced,2593,8007,0,Yes,11,3,3,10,4,3,9,6,7,36-45,Upto 5k
RM611,27,No,Travel_Rarely,Research & Development,5,Technical Degree,3,Male,Research Director,4,Divorced,12808,8842,1,Yes,16,3,2,9,3,3,9,8,0,26-35,10k-15k
RM1072,49,No,Travel_Rarely,Research & Development,3,Medical,3,Female,Laboratory Technician,1,Married,4789,23070,4,No,25,4,1,10,3,3,3,2,1,46-55,Upto 5k
RM736,48,No,Travel_Rarely,Research & Development,6,Life Sciences,1,Male,Healthcare Representative,3,Single,4240,13119,2,No,13,3,4,19,0,3,2,2,2,46-55,Upto 5k
RM002,49,No,Travel_Frequently,Research & Development,8,Life Sciences,3,Male,Research Scientist,2,Married,5130,24907,1,No,23,4,4,10,3,3,10,7,1,46-55,5k-10k
RM1324,28,No,Non_Travel,Human Resources,1,Life Sciences,3,Male,Human Resources,4,Divorced,2706,10494,1,No,15,3,2,3,2,3,3,2,2,26-35,Upto 5k
RM956,55,No,Travel_Rarely,Research & Development,2,Medical,4,Female,Manager,3,Married,19187,6992,4,No,14,3,4,23,5,3,19,9,9,46-55,15k+
RM980,34,No,Travel_Rarely,Research & Development,29,Medical,2,Male,Laboratory Technician,3,Married,5429,17491,4,No,13,3,1,10,1,3,8,7,7,26-35,5k-10k
RM596,58,Yes,Travel_Rarely,Research & Development,2,Life Sciences,4,Male,Research Director,2,Single,19246,25761,7,Yes,12,3,4,40,2,3,31,15,13,55+,15k+
RM1459,35,No,Travel_Rarely,Research & Development,1,Life Sciences,3,Female,Research Scientist,4,Married,2977,8952,1,No,12,3,4,4,5,3,4,3,1,26-35,Upto 5k
RM728,18,No,Non_Travel,Research & Development,5,Life Sciences,2,Male,Research Scientist,4,Single,1051,13493,1,No,15,3,4,0,2,3,0,0,0,18-25,Upto 5k
RM1094,42,No,Travel_Frequently,Research & Development,2,Life Sciences,4,Male,Healthcare Representative,4,Married,10124,18611,2,Yes,14,3,3,24,3,1,20,8,13,36-45,10k-15k
RM089,30,No,Travel_Rarely,Research & Development,2,Life Sciences,3,Male,Healthcare Representative,4,Married,4152,15830,1,No,19,3,1,11,3,3,11,10,10,26-35,Upto 5k
RM701,58,Yes,Travel_Rarely,Research & Development,2,Technical Degree,4,Male,Research Scientist,3,Single,2479,26227,4,No,24,4,1,7,4,3,1,0,0,55+,Upto 5k
RM1069,28,Yes,Travel_Frequently,Research & Development,2,Medical,3,Male,Laboratory Technician,1,Single,2561,5355,7,No,11,3,3,8,2,2,0,0,0,26-35,Upto 5k
RM196,37,No,Travel_Rarely,Research & Development,21,Life Sciences,2,Male,Research Scientist,1,Married,3564,22977,1,Yes,12,3,1,8,3,2,8,7,1,36-45,Upto 5k
RM538,27,No,Travel_Frequently,Research & Development,10,Life Sciences,4,Male,Manufacturing Director,1,Divorced,8793,4809,1,No,21,4,3,9,4,2,9,7,1,26-35,5k-10k
RM416,34,Yes,Travel_Frequently,Sales,6,Marketing,4,Female,Sales Representative,3,Divorced,2351,12253,0,No,16,3,4,3,3,2,2,2,1,26-35,Upto 5k
RM947,40,Yes,Travel_Rarely,Sales,25,Marketing,4,Male,Sales Executive,2,Single,9094,17235,2,Yes,12,3,3,9,2,3,5,4,1,36-45,5k-10k
RM1444,42,No,Travel_Rarely,Research & Development,2,Life Sciences,1,Male,Manager,3,Married,18880,17312,5,No,11,3,1,24,2,2,22,6,4,36-45,15k+
RM769,40,No,Travel_Rarely,Sales,26,Marketing,3,Male,Sales Executive,1,Married,8396,22217,1,No,14,3,2,8,3,2,7,7,7,36-45,5k-10k
RM638,32,No,Non_Travel,Research & Development,1,Life Sciences,4,Male,Laboratory Technician,4,Divorced,2314,9148,0,No,12,3,2,4,2,3,3,0,0,26-35,Upto 5k
RM1177,49,No,Travel_Rarely,Research & Development,22,Other,1,Female,Research Director,2,Married,16413,3498,3,No,16,3,2,27,2,3,4,2,1,46-55,15k+
RM1448,36,No,Non_Travel,Sales,15,Marketing,4,Male,Sales Executive,4,Divorced,5406,10436,1,No,24,4,1,15,4,2,15,12,11,36-45,5k-10k
RM449,40,No,Travel_Rarely,Research & Development,6,Life Sciences,2,Female,Manufacturing Director,3,Single,13237,20364,7,No,15,3,3,22,3,3,20,6,5,36-45,10k-15k
RM1282,35,Yes,Travel_Rarely,Sales,27,Life Sciences,3,Male,Sales Executive,4,Single,5813,13492,1,Yes,18,3,4,10,2,3,10,7,7,26-35,5k-10k
RM160,34,No,Travel_Frequently,Sales,2,Marketing,3,Female,Sales Representative,3,Married,2231,11314,6,No,18,3,4,6,3,3,4,3,1,26-35,Upto 5k
RM178,19,Yes,Travel_Rarely,Research & Development,2,Life Sciences,2,Male,Laboratory Technician,4,Single,1102,9241,1,No,22,4,3,1,3,2,1,0,1,18-25,Upto 5k
RM568,34,No,Travel_Rarely,Sales,2,Other,4,Male,Sales Executive,4,Single,6274,18686,1,No,22,4,3,6,5,3,6,5,1,26-35,5k-10k
RM375,28,No,Travel_Rarely,Sales,9,Life Sciences,2,Male,Sales Executive,4,Single,5253,20750,1,No,16,3,4,7,1,3,7,5,0,26-35,5k-10k
RM1260,30,No,Travel_Rarely,Research & Development,16,Life Sciences,3,Male,Healthcare Representative,3,Married,5294,9128,3,No,16,3,3,10,3,3,7,0,1,26-35,5k-10k
RM505,45,Yes,Travel_Frequently,Sales,26,Life Sciences,1,Female,Sales Executive,1,Married,4286,5630,2,No,14,3,4,5,4,3,1,1,0,36-45,Upto 5k
RM260,31,Yes,Travel_Frequently,Research & Development,29,Medical,3,Male,Laboratory Technician,2,Single,3479,11652,0,No,11,3,2,6,2,4,5,4,1,26-35,Upto 5k
RM796,37,No,Travel_Rarely,Sales,10,Life Sciences,4,Female,Sales Executive,4,Divorced,6694,24223,2,Yes,14,3,3,8,5,3,1,0,0,36-45,5k-10k
RM1412,25,No,Travel_Rarely,Human Resources,2,Human Resources,3,Female,Human Resources,2,Married,2187,19655,4,No,14,3,3,6,3,3,2,0,1,18-25,Upto 5k
RM1445,56,Yes,Travel_Rarely,Research & Development,7,Technical Degree,4,Male,Laboratory Technician,3,Married,2339,3666,8,No,11,3,4,14,4,1,10,9,9,55+,Upto 5k
RM566,23,No,Travel_Rarely,Research & Development,10,Medical,1,Male,Research Scientist,3,Single,3505,19630,1,No,18,3,4,2,3,3,2,2,0,18-25,Upto 5k
RM1181,36,No,Travel_Rarely,Research & Development,7,Life Sciences,1,Male,Laboratory Technician,2,Single,2013,10950,2,No,11,3,3,15,4,3,4,3,1,36-45,Upto 5k
RM1342,31,No,Travel_Rarely,Research & Development,20,Life Sciences,2,Male,Laboratory Technician,3,Divorced,4197,18624,1,No,11,3,1,10,2,3,10,8,0,26-35,Upto 5k
RM190,51,No,Travel_Rarely,Research & Development,3,Medical,4,Female,Healthcare Representative,2,Single,13734,7192,3,No,18,3,3,21,6,3,7,7,1,46-55,10k-15k
RM396,43,No,Travel_Frequently,Research & Development,21,Medical,4,Male,Laboratory Technician,4,Married,2258,15238,7,No,20,4,1,8,1,3,3,2,1,36-45,Upto 5k
RM539,41,No,Travel_Rarely,Human Resources,1,Human Resources,4,Male,Manager,3,Married,19189,19562,1,No,12,3,2,22,3,3,22,7,2,36-45,15k+
RM540,50,No,Travel_Rarely,Sales,8,Marketing,4,Male,Sales Representative,2,Married,3875,9983,7,No,15,3,4,4,2,3,2,2,2,46-55,Upto 5k
RM411,30,No,Travel_Rarely,Research & Development,2,Life Sciences,3,Female,Manufacturing Director,4,Single,6091,24793,2,No,20,4,3,11,2,3,5,4,0,26-35,5k-10k
RM070,36,Yes,Travel_Rarely,Research & Development,9,Medical,4,Male,Research Scientist,3,Married,3388,21777,0,Yes,17,3,1,2,0,2,1,0,0,36-45,Upto 5k
RM337,29,Yes,Travel_Rarely,Research & Development,8,Other,2,Male,Laboratory Technician,1,Married,2119,4759,1,Yes,11,3,4,7,4,2,7,7,0,26-35,Upto 5k
RM407,52,No,Travel_Rarely,Research & Development,3,Medical,4,Male,Manufacturing Director,3,Married,7969,19609,2,Yes,14,3,3,28,4,3,5,4,0,46-55,5k-10k
RM452,42,No,Travel_Rarely,Research & Development,24,Medical,4,Male,Manufacturing Director,1,Married,7406,6950,1,Yes,21,4,4,10,5,2,10,9,5,36-45,5k-10k
RM227,37,No,Travel_Frequently,Sales,4,Marketing,1,Male,Sales Representative,4,Divorced,2793,2539,4,No,17,3,3,13,2,3,9,8,5,36-45,Upto 5k
RM995,52,No,Travel_Frequently,Research & Development,28,Medical,4,Female,Manufacturing Director,3,Married,13247,9731,2,Yes,11,3,2,24,3,2,5,3,0,46-55,10k-15k
RM278,38,No,Travel_Rarely,Sales,7,Medical,1,Female,Sales Executive,1,Divorced,5605,19191,1,Yes,24,4,3,8,3,3,8,0,7,36-45,5k-10k
RM943,36,No,Travel_Rarely,Research & Development,10,Technical Degree,4,Female,Healthcare Representative,3,Married,7094,5747,3,No,12,3,1,10,0,3,7,7,1,36-45,5k-10k
RM1464,31,No,Non_Travel,Research & Development,5,Medical,2,Male,Manufacturing Director,1,Single,9936,3787,0,No,19,3,2,10,2,3,9,4,1,26-35,5k-10k
RM898,59,No,Travel_Rarely,Sales,3,Life Sciences,3,Female,Sales Executive,4,Single,5171,16490,5,No,17,3,4,13,2,3,6,1,0,55+,5k-10k
RM1031,31,No,Travel_Rarely,Sales,8,Life Sciences,1,Male,Sales Executive,4,Divorced,10793,8386,1,No,18,3,1,13,5,3,13,7,9,26-35,10k-15k
RM184,50,No,Travel_Rarely,Research & Development,1,Medical,3,Male,Laboratory Technician,3,Married,3690,3425,2,No,15,3,4,5,2,2,3,2,0,46-55,Upto 5k
RM968,40,No,Travel_Rarely,Research & Development,1,Life Sciences,2,Male,Laboratory Technician,2,Married,2387,6762,3,No,22,4,3,7,3,3,4,2,0,36-45,Upto 5k
RM1020,36,No,Travel_Rarely,Sales,16,Marketing,3,Female,Sales Executive,1,Married,5647,13494,4,No,13,3,1,11,3,2,3,2,0,36-45,5k-10k
RM378,36,No,Travel_Rarely,Research & Development,2,Life Sciences,4,Female,Research Scientist,3,Married,2543,11868,4,No,13,3,2,6,3,3,2,2,2,36-45,Upto 5k
RM400,31,No,Travel_Rarely,Research & Development,1,Life Sciences,4,Male,Laboratory Technician,1,Married,2218,16193,1,No,12,3,3,4,3,3,4,2,3,26-35,Upto 5k
RM1137,28,Yes,Travel_Rarely,Research & Development,24,Medical,3,Male,Laboratory Technician,2,Married,2408,7324,1,Yes,17,3,3,1,3,3,1,1,0,26-35,Upto 5k
RM785,38,No,Travel_Rarely,Research & Development,17,Life Sciences,3,Female,Healthcare Representative,3,Married,8823,24608,0,No,18,3,1,20,4,2,19,9,1,36-45,5k-10k
RM986,31,Yes,Travel_Rarely,Research & Development,22,Medical,4,Male,Manufacturing Director,3,Married,6179,21057,1,Yes,15,3,4,10,3,2,10,2,6,26-35,5k-10k
RM1065,30,No,Travel_Rarely,Human Resources,1,Life Sciences,3,Male,Human Resources,3,Divorced,2064,15428,0,No,21,4,1,6,3,4,5,3,1,26-35,Upto 5k
RM1006,29,No,Travel_Rarely,Human Resources,17,Other,2,Male,Human Resources,1,Single,7988,9769,1,No,13,3,1,10,3,2,10,9,0,26-35,5k-10k
RM1087,50,No,Travel_Frequently,Research & Development,22,Medical,3,Male,Research Director,4,Single,14411,24450,1,Yes,13,3,4,32,2,3,32,6,13,46-55,10k-15k
RM164,57,No,Travel_Rarely,Research & Development,24,Life Sciences,3,Male,Healthcare Representative,4,Married,9439,23402,3,Yes,16,3,2,12,2,1,5,3,1,55+,5k-10k
RM301,41,No,Travel_Rarely,Sales,2,Life Sciences,4,Male,Manager,2,Single,16015,15896,1,No,19,3,2,22,2,3,22,10,0,36-45,15k+
RM017,32,No,Travel_Rarely,Research & Development,5,Life Sciences,1,Male,Research Scientist,2,Divorced,3298,15053,0,Yes,12,3,4,7,5,2,6,2,0,26-35,Upto 5k
RM217,30,Yes,Travel_Frequently,Sales,26,Marketing,3,Female,Sales Executive,1,Single,6696,22967,5,No,15,3,3,9,5,2,6,3,0,26-35,5k-10k
RM1405,42,No,Non_Travel,Research & Development,23,Life Sciences,4,Male,Research Scientist,3,Single,4332,14811,1,No,12,3,4,20,2,3,20,9,3,36-45,Upto 5k
RM1356,36,No,Travel_Rarely,Sales,17,Marketing,3,Male,Sales Executive,2,Married,5507,16822,2,No,16,3,3,12,1,1,4,2,1,36-45,5k-10k
RM710,31,Yes,Non_Travel,Research & Development,9,Medical,3,Male,Research Scientist,1,Single,2321,10322,0,Yes,22,4,1,4,0,3,3,2,1,26-35,Upto 5k
RM1144,45,No,Non_Travel,Sales,26,Marketing,1,Male,Sales Executive,1,Married,4385,24162,1,No,15,3,1,10,2,3,10,7,4,36-45,Upto 5k
RM1357,41,No,Travel_Rarely,Sales,8,Marketing,3,Female,Sales Executive,2,Married,4393,26841,5,No,21,4,3,14,3,3,5,4,1,36-45,Upto 5k
RM1008,29,Yes,Travel_Frequently,Research & Development,14,Other,3,Female,Healthcare Representative,4,Single,7553,22930,0,Yes,12,3,1,9,1,3,8,7,7,26-35,5k-10k
RM1272,21,Yes,Travel_Rarely,Sales,7,Marketing,2,Male,Sales Representative,2,Single,2679,4567,1,No,13,3,2,1,3,3,1,0,1,18-25,Upto 5k
RM646,29,Yes,Travel_Rarely,Sales,1,Medical,2,Female,Sales Representative,3,Divorced,2800,23522,6,Yes,19,3,3,5,3,3,3,2,0,26-35,Upto 5k
RM629,37,No,Travel_Rarely,Sales,16,Marketing,4,Male,Sales Executive,3,Divorced,6334,24558,4,No,19,3,4,9,2,3,1,0,0,36-45,5k-10k
RM763,26,Yes,Travel_Frequently,Research & Development,2,Life Sciences,1,Male,Research Scientist,1,Married,2042,15346,6,Yes,14,3,2,6,2,3,3,2,1,26-35,Upto 5k
RM1294,43,No,Non_Travel,Research & Development,9,Life Sciences,1,Male,Research Scientist,3,Single,2438,24978,4,No,13,3,3,7,2,2,3,2,1,36-45,Upto 5k
RM342,38,No,Travel_Rarely,Research & Development,15,Life Sciences,3,Male,Research Director,4,Divorced,11510,15682,0,Yes,14,3,2,12,3,3,11,10,2,36-45,10k-15k
RM1452,38,No,Travel_Rarely,Sales,10,Life Sciences,1,Female,Sales Executive,4,Married,5343,5982,1,No,11,3,3,10,1,3,10,7,1,36-45,5k-10k
RM557,53,No,Travel_Rarely,Research & Development,6,Life Sciences,4,Male,Laboratory Technician,4,Single,2450,10919,2,No,17,3,4,19,4,3,2,2,2,46-55,Upto 5k
RM1302,58,No,Non_Travel,Sales,2,Medical,2,Male,Manager,2,Married,16291,22577,4,No,22,4,4,37,0,2,16,9,14,55+,15k+
RM364,33,Yes,Travel_Rarely,Sales,5,Marketing,4,Female,Sales Representative,3,Single,2851,9150,1,Yes,13,3,2,1,2,3,1,0,0,26-35,Upto 5k
RM1314,29,Yes,Travel_Rarely,Human Resources,13,Human Resources,1,Male,Human Resources,1,Divorced,2335,3157,4,Yes,15,3,4,4,3,3,2,2,2,26-35,Upto 5k
RM1098,24,No,Travel_Rarely,Research & Development,21,Technical Degree,3,Male,Laboratory Technician,1,Divorced,2296,10036,0,No,14,3,2,2,3,3,1,1,0,18-25,Upto 5k
RM1330,29,No,Travel_Rarely,Human Resources,6,Medical,4,Male,Human Resources,2,Married,2804,15434,1,No,11,3,4,1,3,3,1,0,0,26-35,Upto 5k
RM1321,42,No,Non_Travel,Research & Development,10,Technical Degree,3,Male,Research Scientist,3,Married,2936,6161,3,No,22,4,2,10,1,2,6,3,3,36-45,Upto 5k
RM1025,47,No,Travel_Rarely,Research & Development,2,Medical,1,Female,Research Director,3,Married,17169,26703,3,No,19,3,2,26,2,4,20,17,5,46-55,15k+
RM1313,31,Yes,Travel_Rarely,Human Resources,18,Human Resources,4,Male,Human Resources,1,Married,2956,21495,0,No,17,3,3,2,4,3,1,0,0,26-35,Upto 5k
RM941,39,Yes,Travel_Rarely,Research & Development,23,Medical,3,Male,Research Scientist,1,Single,3904,22154,0,No,13,3,1,6,2,3,5,2,0,36-45,Upto 5k
RM491,38,No,Travel_Rarely,Research & Development,1,Life Sciences,3,Female,Research Scientist,1,Single,2619,14561,3,No,17,3,4,8,3,2,0,0,0,36-45,Upto 5k
RM883,36,No,Travel_Rarely,Research & Development,1,Technical Degree,3,Female,Manufacturing Director,1,Divorced,10252,4235,2,Yes,21,4,3,17,2,3,7,7,7,36-45,10k-15k
RM937,45,No,Travel_Frequently,Research & Development,25,Medical,2,Female,Manager,2,Single,18061,13035,3,No,22,4,3,22,4,3,0,0,0,36-45,15k+
RM143,38,No,Travel_Rarely,Research & Development,3,Technical Degree,4,Female,Research Scientist,3,Single,4317,2302,3,Yes,20,4,2,19,2,3,3,2,2,36-45,Upto 5k
RM1167,48,No,Travel_Frequently,Research & Development,4,Medical,3,Male,Manager,4,Married,15202,5602,2,No,25,4,2,23,3,3,2,2,2,46-55,15k+
RM833,37,No,Travel_Rarely,Research & Development,25,Medical,3,Female,Healthcare Representative,4,Divorced,5731,17171,7,No,13,3,3,9,2,3,6,2,1,36-45,5k-10k
RM1230,40,No,Travel_Rarely,Research & Development,8,Life Sciences,2,Female,Manufacturing Director,1,Married,6516,5041,2,Yes,16,3,2,18,3,3,1,0,0,36-45,5k-10k
RM1210,60,No,Travel_Rarely,Research & Development,1,Medical,3,Male,Healthcare Representative,4,Married,10883,20467,3,No,20,4,3,19,2,4,1,0,0,55+,10k-15k
RM1292,37,Yes,Travel_Rarely,Research & Development,10,Medical,4,Male,Manufacturing Director,1,Single,4213,4992,1,No,15,3,2,10,4,1,10,3,0,36-45,Upto 5k
RM020,38,No,Travel_Rarely,Research & Development,2,Life Sciences,4,Male,Research Scientist,4,Single,3944,4306,5,Yes,11,3,3,6,3,3,3,2,1,36-45,Upto 5k
RM1242,32,No,Travel_Rarely,Sales,19,Life Sciences,4,Male,Sales Executive,3,Married,9610,3840,3,No,13,3,3,10,2,1,4,3,0,26-35,5k-10k
RM911,23,No,Travel_Rarely,Research & Development,1,Life Sciences,4,Male,Research Scientist,3,Married,1223,16901,1,No,22,4,4,1,2,3,1,0,0,18-25,Upto 5k
RM1455,45,No,Travel_Rarely,Sales,20,Life Sciences,4,Female,Sales Executive,3,Single,4850,23333,8,No,15,3,3,8,3,3,5,3,0,36-45,Upto 5k
RM657,32,Yes,Travel_Rarely,Research & Development,25,Life Sciences,1,Male,Laboratory Technician,4,Single,2795,18016,1,Yes,24,4,3,1,2,1,1,0,0,26-35,Upto 5k
RM576,54,No,Travel_Rarely,Research & Development,19,Medical,4,Female,Manufacturing Director,1,Married,5485,22670,9,Yes,11,3,2,9,4,3,5,3,1,46-55,5k-10k
RM1032,46,Yes,Travel_Rarely,Sales,9,Marketing,1,Male,Sales Executive,4,Divorced,10096,15986,4,No,11,3,1,28,1,4,7,7,4,46-55,10k-15k
RM642,32,No,Travel_Frequently,Sales,5,Life Sciences,2,Male,Sales Executive,2,Married,6524,8891,1,No,14,3,4,10,3,3,10,8,5,26-35,5k-10k
RM544,44,No,Non_Travel,Research & Development,24,Medical,1,Male,Laboratory Technician,3,Single,3708,2104,2,No,14,3,3,9,5,3,5,2,1,36-45,Upto 5k
RM1061,24,Yes,Travel_Frequently,Research & Development,9,Medical,2,Male,Laboratory Technician,1,Single,3172,16998,2,Yes,11,3,3,4,2,2,0,0,0,18-25,Upto 5k
RM1052,44,No,Travel_Frequently,Sales,1,Marketing,1,Female,Sales Executive,3,Married,4768,9282,7,No,12,3,3,11,4,2,1,0,0,36-45,Upto 5k
RM1022,25,Yes,Travel_Rarely,Sales,9,Life Sciences,1,Male,Sales Representative,1,Married,4400,15182,3,No,12,3,1,6,2,3,3,2,2,18-25,Upto 5k
RM581,35,No,Travel_Rarely,Sales,8,Life Sciences,1,Female,Sales Representative,4,Married,2572,20317,1,No,16,3,2,3,1,2,3,2,0,26-35,Upto 5k
RM309,58,No,Non_Travel,Research & Development,1,Life Sciences,4,Male,Healthcare Representative,3,Married,5660,17056,2,Yes,13,3,4,12,2,3,5,3,1,55+,5k-10k
RM1225,26,No,Travel_Rarely,Research & Development,17,Medical,4,Male,Laboratory Technician,3,Married,2305,6217,1,No,15,3,3,3,3,4,3,2,0,26-35,Upto 5k
RM1340,22,Yes,Travel_Rarely,Research & Development,7,Life Sciences,4,Male,Research Scientist,2,Single,2472,26092,1,Yes,23,4,1,1,2,3,1,0,0,18-25,Upto 5k
RM024,21,No,Travel_Rarely,Research & Development,15,Life Sciences,3,Male,Research Scientist,4,Single,1232,19281,1,No,14,3,4,0,6,3,0,0,0,18-25,Upto 5k
RM1190,33,No,Travel_Rarely,Sales,2,Medical,4,Male,Sales Executive,4,Divorced,5505,3921,1,No,14,3,3,6,5,3,6,2,0,26-35,5k-10k
RM120,43,No,Travel_Frequently,Sales,26,Life Sciences,3,Male,Manager,4,Married,16959,19494,1,Yes,12,3,4,25,3,4,25,12,4,36-45,15k+
RM643,38,No,Travel_Rarely,Sales,9,Marketing,2,Male,Sales Representative,2,Married,2899,12102,0,No,19,3,4,3,3,3,2,2,1,36-45,Upto 5k
RM511,54,No,Travel_Rarely,Human Resources,19,Medical,3,Male,Human Resources,2,Married,10725,6729,2,No,15,3,3,16,1,4,9,7,7,46-55,10k-15k
RM1162,38,No,Travel_Rarely,Research & Development,2,Medical,4,Female,Manufacturing Director,3,Married,7756,14199,3,Yes,19,3,4,10,6,4,5,4,0,36-45,5k-10k
RM079,37,No,Travel_Rarely,Research & Development,7,Medical,1,Male,Research Director,3,Single,13664,25258,4,No,13,3,1,16,3,4,5,2,0,36-45,10k-15k
RM1028,34,No,Travel_Rarely,Research & Development,1,Life Sciences,4,Female,Laboratory Technician,2,Married,3294,3708,5,No,17,3,1,7,2,2,5,4,0,26-35,Upto 5k
RM984,34,No,Travel_Rarely,Research & Development,2,Technical Degree,3,Female,Healthcare Representative,4,Single,6687,6163,1,No,11,3,4,14,2,4,14,11,4,26-35,5k-10k
RM1054,57,No,Travel_Rarely,Research & Development,1,Life Sciences,2,Male,Research Scientist,3,Married,4900,2721,0,No,24,4,1,13,2,2,12,9,2,55+,Upto 5k
RM811,46,No,Travel_Rarely,Sales,3,Marketing,1,Male,Manager,3,Married,17465,15596,3,No,12,3,4,23,3,3,12,9,4,46-55,15k+
RM527,39,No,Travel_Rarely,Research & Development,2,Technical Degree,4,Female,Healthcare Representative,3,Single,4553,20978,1,No,11,3,1,20,4,3,20,7,11,36-45,Upto 5k
RM048,37,No,Travel_Rarely,Research & Development,19,Life Sciences,2,Male,Research Scientist,2,Married,3022,10227,4,No,21,4,1,8,1,3,1,0,0,36-45,Upto 5k
RM370,31,No,Travel_Rarely,Research & Development,9,Life Sciences,3,Male,Research Scientist,2,Single,2657,7551,0,Yes,16,3,4,3,5,3,2,2,2,26-35,Upto 5k
RM422,29,Yes,Travel_Rarely,Research & Development,25,Technical Degree,3,Female,Research Scientist,2,Married,2546,18300,5,No,16,3,2,6,2,4,2,2,1,26-35,Upto 5k
RM837,29,Yes,Travel_Rarely,Sales,23,Life Sciences,4,Female,Sales Executive,1,Married,7336,11162,1,No,13,3,1,11,3,1,11,8,3,26-35,5k-10k
RM1462,50,Yes,Travel_Rarely,Sales,28,Marketing,4,Male,Sales Executive,1,Married,10854,16586,4,Yes,13,3,2,20,3,3,3,2,2,46-55,10k-15k
RM1073,29,No,Travel_Frequently,Research & Development,2,Life Sciences,4,Female,Laboratory Technician,2,Married,3180,4668,0,No,13,3,3,4,3,3,3,2,0,26-35,Upto 5k
RM938,39,No,Travel_Rarely,Research & Development,13,Medical,3,Female,Manager,2,Divorced,17123,17334,6,Yes,13,3,4,21,4,3,19,9,15,36-45,15k+
RM438,30,No,Travel_Rarely,Sales,7,Marketing,4,Male,Sales Representative,2,Single,2983,18398,0,No,14,3,1,4,3,3,3,2,1,26-35,Upto 5k
RM1327,32,Yes,Travel_Rarely,Sales,2,Marketing,3,Male,Sales Executive,2,Single,9907,26186,7,Yes,12,3,3,7,3,2,2,2,2,26-35,5k-10k
RM776,43,No,Travel_Rarely,Sales,25,Medical,3,Male,Sales Executive,4,Divorced,10798,5268,5,No,13,3,3,18,5,3,1,0,0,36-45,10k-15k
RM1379,42,No,Travel_Rarely,Sales,12,Marketing,2,Male,Sales Executive,4,Divorced,5087,2900,3,Yes,12,3,3,14,4,3,0,0,0,36-45,5k-10k
RM023,34,No,Travel_Rarely,Research & Development,7,Life Sciences,1,Female,Research Director,2,Single,11994,21293,0,No,11,3,3,13,4,3,12,6,2,26-35,10k-15k
RM689,19,Yes,Travel_Rarely,Sales,21,Other,4,Male,Sales Representative,2,Single,2121,9947,1,Yes,13,3,2,1,3,4,1,0,0,18-25,Upto 5k
RM412,60,No,Travel_Rarely,Research & Development,7,Life Sciences,1,Female,Manager,1,Married,19566,3854,5,No,11,3,4,33,5,1,29,8,11,55+,15k+
RM651,43,No,Travel_Frequently,Research & Development,1,Life Sciences,4,Female,Healthcare Representative,4,Married,5562,21782,4,No,13,3,2,12,2,2,5,2,2,36-45,5k-10k
RM1147,34,No,Travel_Frequently,Research & Development,10,Life Sciences,3,Male,Manufacturing Director,4,Divorced,4724,17000,1,No,13,3,1,9,3,3,9,7,7,26-35,Upto 5k
RM454,26,Yes,Travel_Frequently,Human Resources,17,Life Sciences,2,Female,Human Resources,3,Divorced,2741,22808,0,Yes,11,3,2,8,2,2,7,7,1,26-35,Upto 5k
RM536,41,No,Travel_Rarely,Human Resources,10,Human Resources,2,Male,Manager,4,Divorced,19141,8861,3,No,15,3,2,23,2,2,21,6,12,36-45,15k+
RM542,36,No,Non_Travel,Research & Development,8,Life Sciences,1,Female,Research Director,1,Married,11713,20335,9,No,14,3,1,10,2,3,8,7,0,36-45,10k-15k
RM061,32,No,Travel_Rarely,Research & Development,1,Medical,1,Male,Manufacturing Director,4,Married,6162,10877,1,Yes,22,4,2,9,3,3,9,8,7,26-35,5k-10k
RM1214,23,Yes,Travel_Rarely,Sales,7,Life Sciences,3,Male,Sales Representative,4,Divorced,2275,25103,1,Yes,21,4,2,3,2,3,3,2,0,18-25,Upto 5k
RM1250,29,Yes,Travel_Rarely,Sales,9,Marketing,2,Female,Sales Representative,2,Single,2760,14630,1,No,13,3,3,2,3,3,2,2,2,26-35,Upto 5k
RM1280,44,Yes,Travel_Frequently,Research & Development,1,Medical,3,Male,Research Scientist,2,Divorced,2342,11092,1,Yes,12,3,3,6,2,2,5,3,2,36-45,Upto 5k
RM928,36,No,Travel_Rarely,Research & Development,2,Life Sciences,3,Female,Manufacturing Director,2,Single,5410,2323,9,Yes,11,3,4,18,2,3,16,14,5,36-45,5k-10k
RM771,46,No,Travel_Rarely,Research & Development,1,Medical,4,Male,Research Director,4,Married,19627,21445,9,No,17,3,4,23,0,3,2,2,2,46-55,15k+
RM1316,36,No,Travel_Rarely,Research & Development,2,Other,4,Female,Research Scientist,2,Married,6962,19573,4,Yes,22,4,4,15,2,3,1,0,0,36-45,5k-10k
RM1048,33,No,Travel_Frequently,Sales,7,Medical,4,Male,Sales Executive,1,Married,4373,17456,0,No,14,3,1,5,2,3,4,3,0,26-35,Upto 5k
RM559,32,No,Travel_Frequently,Research & Development,24,Life Sciences,1,Male,Laboratory Technician,4,Married,5309,21146,1,No,15,3,4,10,2,3,10,8,4,26-35,5k-10k
RM1306,54,No,Travel_Rarely,Research & Development,7,Medical,4,Female,Research Scientist,4,Married,6854,15696,4,No,15,3,2,14,2,2,7,1,1,46-55,5k-10k
RM088,51,No,Travel_Rarely,Research & Development,9,Life Sciences,4,Male,Laboratory Technician,4,Married,2075,18725,3,No,23,4,2,10,4,3,4,2,0,46-55,Upto 5k
RM827,38,No,Travel_Rarely,Human Resources,1,Human Resources,3,Male,Human Resources,3,Married,2844,6004,1,No,13,3,4,7,2,4,7,6,5,36-45,Upto 5k
RM609,55,Yes,Travel_Rarely,Sales,2,Medical,3,Male,Sales Executive,4,Single,5160,21519,4,No,16,3,3,12,3,2,9,7,7,46-55,5k-10k
RM1121,38,No,Travel_Rarely,Sales,16,Life Sciences,2,Female,Sales Executive,2,Single,4198,16379,2,No,12,3,2,8,5,4,3,2,1,36-45,Upto 5k
RM144,30,No,Travel_Rarely,Research & Development,18,Life Sciences,1,Female,Research Scientist,3,Single,2632,23910,1,No,14,3,3,5,4,2,5,4,0,26-35,Upto 5k
RM817,39,No,Non_Travel,Research & Development,9,Life Sciences,3,Male,Laboratory Technician,2,Single,6782,8770,9,No,15,3,3,9,2,2,5,4,0,36-45,5k-10k
RM163,28,No,Travel_Rarely,Research & Development,21,Medical,3,Male,Research Scientist,4,Married,2713,6672,1,No,11,3,3,5,2,1,5,2,0,26-35,Upto 5k
RM123,56,Yes,Travel_Rarely,Research & Development,14,Life Sciences,2,Female,Research Scientist,2,Married,4963,4510,9,Yes,18,3,1,7,2,3,5,4,4,55+,Upto 5k
RM1091,29,No,Travel_Rarely,Research & Development,8,Other,3,Female,Healthcare Representative,1,Married,9715,7288,3,No,13,3,3,9,3,3,7,7,0,26-35,5k-10k
RM283,29,No,Travel_Frequently,Sales,2,Life Sciences,2,Male,Sales Executive,4,Single,4554,20260,1,No,18,3,1,10,3,2,10,7,0,26-35,Upto 5k
RM450,39,No,Travel_Frequently,Research & Development,8,Life Sciences,3,Female,Laboratory Technician,3,Married,3755,17872,1,No,11,3,1,8,3,3,8,3,0,36-45,Upto 5k
RM616,27,No,Non_Travel,Research & Development,3,Medical,4,Male,Research Scientist,4,Married,1706,16571,1,No,11,3,3,0,6,2,0,0,0,26-35,Upto 5k
RM775,55,No,Non_Travel,Research & Development,2,Medical,3,Male,Manager,1,Single,16756,17323,7,No,15,3,2,31,3,4,9,7,6,46-55,15k+
RM1411,40,No,Travel_Rarely,Sales,2,Marketing,2,Female,Sales Executive,2,Married,5677,4258,3,No,14,3,3,15,4,3,11,8,5,36-45,5k-10k
RM293,31,No,Travel_Frequently,Sales,5,Marketing,4,Female,Sales Representative,2,Divorced,2789,3909,1,No,11,3,3,2,5,2,2,2,2,26-35,Upto 5k
RM473,37,No,Travel_Rarely,Research & Development,1,Life Sciences,2,Female,Manufacturing Director,2,Married,6447,15701,6,No,12,3,2,8,2,2,6,5,4,36-45,5k-10k
RM1044,53,No,Travel_Rarely,Research & Development,2,Medical,4,Male,Research Director,2,Single,16598,19764,4,No,12,3,2,35,2,2,9,8,8,46-55,15k+
RM1295,41,No,Travel_Rarely,Research & Development,5,Life Sciences,2,Male,Healthcare Representative,2,Single,6870,15530,3,No,12,3,1,11,3,1,3,2,1,36-45,5k-10k
RM1165,40,No,Travel_Rarely,Research & Development,16,Life Sciences,3,Female,Manufacturing Director,4,Single,7945,19948,6,Yes,15,3,4,18,2,2,4,2,3,36-45,5k-10k
RM481,30,Yes,Travel_Frequently,Sales,12,Life Sciences,2,Male,Sales Representative,1,Married,2033,14470,1,No,18,3,3,1,2,4,1,0,0,26-35,Upto 5k
RM271,55,No,Travel_Rarely,Research & Development,1,Medical,4,Male,Manager,1,Single,19045,18938,0,Yes,14,3,3,37,2,3,36,10,4,46-55,15k+
RM1138,22,No,Non_Travel,Research & Development,26,Other,2,Female,Research Scientist,3,Married,2814,10293,1,Yes,14,3,2,4,2,2,4,2,1,18-25,Upto 5k
RM888,42,No,Travel_Frequently,Research & Development,26,Medical,1,Female,Research Director,1,Married,13191,23281,3,Yes,17,3,3,20,6,3,1,0,0,36-45,10k-15k
RM958,40,No,Non_Travel,Research & Development,16,Life Sciences,3,Male,Research Scientist,3,Divorced,3544,8532,9,No,16,3,2,6,0,3,4,2,0,36-45,Upto 5k
RM1333,29,Yes,Travel_Frequently,Research & Development,24,Life Sciences,4,Male,Research Scientist,4,Single,2439,14753,1,Yes,24,4,2,1,3,2,1,0,1,26-35,Upto 5k
RM713,33,No,Travel_Rarely,Research & Development,13,Life Sciences,2,Female,Research Scientist,4,Single,3452,17241,3,No,18,3,1,5,4,3,3,2,0,26-35,Upto 5k
RM1251,29,No,Travel_Frequently,Research & Development,1,Life Sciences,4,Male,Healthcare Representative,3,Single,6294,23060,8,Yes,12,3,4,10,5,4,3,2,0,26-35,5k-10k
RM673,42,No,Travel_Rarely,Sales,14,Medical,3,Female,Sales Executive,3,Single,6244,7824,7,No,17,3,1,10,6,3,5,4,0,36-45,5k-10k
RM1193,49,No,Travel_Rarely,Research & Development,16,Medical,4,Female,Laboratory Technician,1,Married,2587,24941,4,Yes,16,3,2,17,2,2,2,2,2,46-55,Upto 5k
RM041,35,No,Travel_Rarely,Research & Development,4,Other,3,Male,Laboratory Technician,4,Divorced,1951,10910,1,No,12,3,3,1,3,3,1,0,0,26-35,Upto 5k
RM386,30,Yes,Travel_Frequently,Research & Development,4,Technical Degree,3,Male,Research Scientist,4,Single,2285,3427,9,Yes,23,4,3,3,4,3,1,0,0,26-35,Upto 5k
RM1182,49,No,Travel_Rarely,Research & Development,6,Life Sciences,3,Female,Healthcare Representative,3,Married,13966,11652,2,Yes,19,3,2,30,3,3,15,11,2,46-55,10k-15k
RM1021,47,No,Travel_Rarely,Research & Development,1,Technical Degree,1,Male,Research Scientist,4,Married,3420,10205,7,No,12,3,3,17,2,2,6,5,1,46-55,Upto 5k
RM167,41,No,Travel_Rarely,Research & Development,14,Life Sciences,1,Male,Research Scientist,3,Divorced,2451,4609,4,No,12,3,1,13,2,3,9,8,1,36-45,Upto 5k
RM237,33,Yes,Travel_Rarely,Research & Development,2,Life Sciences,1,Female,Laboratory Technician,1,Married,2707,21509,7,No,20,4,1,13,3,4,9,7,1,26-35,Upto 5k
RM739,39,No,Travel_Rarely,Research & Development,1,Life Sciences,4,Female,Manufacturing Director,4,Married,12742,7060,1,No,16,3,3,21,3,3,21,6,11,36-45,10k-15k
RM1071,28,No,Travel_Frequently,Sales,7,Life Sciences,3,Male,Sales Executive,1,Single,4898,11827,0,No,14,3,4,5,5,3,4,2,1,26-35,Upto 5k
RM1461,29,No,Travel_Rarely,Research & Development,28,Medical,4,Female,Research Scientist,1,Single,3785,8489,1,No,14,3,2,5,3,1,5,4,0,26-35,Upto 5k
RM800,42,No,Travel_Rarely,Research & Development,2,Medical,4,Male,Manager,1,Married,17665,14399,0,No,17,3,4,23,3,3,22,6,13,36-45,15k+
RM901,36,No,Travel_Frequently,Research & Development,3,Technical Degree,3,Male,Research Scientist,2,Married,3692,9256,1,No,12,3,3,12,2,2,11,10,0,36-45,Upto 5k
RM1173,29,No,Travel_Rarely,Sales,10,Medical,3,Male,Sales Executive,3,Single,5869,23413,9,No,11,3,3,8,2,3,5,2,1,26-35,5k-10k
RM130,49,No,Travel_Rarely,Research & Development,20,Medical,3,Female,Manufacturing Director,1,Married,6567,5549,1,No,14,3,3,16,2,2,15,11,5,46-55,5k-10k
RM248,34,No,Travel_Rarely,Research & Development,2,Life Sciences,4,Male,Manufacturing Director,1,Married,5957,23687,6,No,13,3,2,13,3,3,11,9,5,26-35,5k-10k
RM606,38,No,Travel_Frequently,Research & Development,12,Life Sciences,1,Male,Healthcare Representative,1,Divorced,6288,4284,2,No,15,3,3,13,3,2,4,3,1,36-45,5k-10k
RM1361,31,No,Travel_Rarely,Research & Development,4,Medical,1,Female,Laboratory Technician,3,Divorced,3978,16031,8,No,12,3,2,4,0,2,2,2,2,26-35,Upto 5k
RM464,26,Yes,Travel_Rarely,Research & Development,24,Technical Degree,3,Male,Laboratory Technician,4,Single,2340,23213,1,Yes,18,3,2,1,3,1,1,0,0,26-35,Upto 5k
RM201,27,No,Travel_Frequently,Research & Development,1,Technical Degree,3,Male,Manufacturing Director,1,Married,4298,9679,5,No,19,3,3,6,1,3,2,2,2,26-35,Upto 5k
RM1119,26,No,Travel_Rarely,Research & Development,3,Life Sciences,1,Female,Research Scientist,4,Married,2061,11133,1,No,21,4,1,1,5,3,1,0,0,26-35,Upto 5k
RM029,44,No,Travel_Rarely,Research & Development,7,Medical,1,Female,Healthcare Representative,4,Married,10248,2094,3,No,14,3,4,24,4,3,22,6,5,36-45,10k-15k
RM842,24,No,Travel_Rarely,Research & Development,24,Medical,4,Male,Laboratory Technician,2,Single,3597,6409,8,No,22,4,4,6,2,3,4,3,1,18-25,Upto 5k
RM1265,55,No,Travel_Rarely,Research & Development,2,Medical,3,Male,Research Director,1,Married,19038,19805,8,No,12,3,2,34,2,3,1,0,0,46-55,15k+
RM1116,34,No,Travel_Rarely,Research & Development,7,Medical,1,Male,Research Scientist,4,Single,2972,22061,1,No,13,3,3,1,4,1,1,0,0,26-35,Upto 5k
RM395,31,No,Travel_Rarely,Research & Development,7,Medical,2,Female,Manufacturing Director,1,Married,4306,4156,1,No,12,3,2,13,5,1,13,10,3,26-35,Upto 5k
RM839,42,Yes,Travel_Frequently,Sales,12,Life Sciences,3,Male,Sales Executive,1,Single,13758,2447,0,Yes,12,3,2,22,2,2,21,9,13,36-45,10k-15k
RM507,37,No,Travel_Rarely,Research & Development,3,Other,3,Male,Manufacturing Director,3,Married,9434,9606,1,No,15,3,3,10,2,3,10,7,7,36-45,5k-10k
RM962,35,No,Travel_Frequently,Research & Development,4,Life Sciences,3,Male,Research Scientist,3,Single,4249,2690,1,Yes,11,3,2,9,3,3,9,6,1,26-35,Upto 5k
RM1350,26,No,Travel_Rarely,Research & Development,1,Life Sciences,2,Female,Research Scientist,3,Married,2933,14908,1,Yes,13,3,3,1,3,2,1,0,1,26-35,Upto 5k
RM347,41,No,Travel_Rarely,Research & Development,6,Medical,4,Male,Manufacturing Director,2,Single,6032,10110,6,Yes,15,3,4,8,3,3,5,4,1,36-45,5k-10k
RM1170,27,No,Travel_Rarely,Research & Development,8,Medical,2,Female,Research Scientist,3,Married,3517,22490,7,No,17,3,1,5,0,3,3,2,0,26-35,Upto 5k
RM264,46,No,Travel_Rarely,Sales,2,Technical Degree,3,Female,Manager,2,Married,16872,14977,3,Yes,12,3,2,28,2,2,7,7,7,46-55,15k+
RM100,44,No,Non_Travel,Research & Development,23,Medical,2,Male,Laboratory Technician,2,Married,2042,25043,4,No,12,3,3,17,3,4,3,2,1,36-45,Upto 5k
RM423,19,Yes,Travel_Rarely,Human Resources,2,Technical Degree,1,Male,Human Resources,4,Single,2564,18437,1,No,12,3,3,1,3,4,1,0,0,18-25,Upto 5k
RM824,29,No,Travel_Frequently,Research & Development,10,Life Sciences,4,Female,Research Scientist,2,Divorced,3291,17940,0,No,14,3,4,8,2,2,7,5,1,26-35,Upto 5k
RM1104,48,No,Travel_Rarely,Sales,16,Life Sciences,3,Female,Sales Executive,3,Married,6439,13693,8,No,14,3,3,18,2,3,8,7,7,46-55,5k-10k
RM1176,39,No,Travel_Rarely,Research & Development,12,Medical,4,Male,Manufacturing Director,2,Married,5295,7693,4,No,21,4,3,7,3,3,5,4,1,36-45,5k-10k
RM955,42,No,Non_Travel,Research & Development,2,Life Sciences,3,Male,Manager,3,Married,17861,26582,0,Yes,13,3,4,21,3,2,20,8,2,36-45,15k+
RM1076,32,No,Travel_Rarely,Research & Development,10,Medical,3,Male,Manager,4,Single,11244,21072,2,No,25,4,2,10,5,4,5,2,0,26-35,10k-15k
RM285,26,No,Travel_Frequently,Research & Development,11,Medical,1,Male,Healthcare Representative,1,Married,4741,22722,1,Yes,13,3,3,5,3,3,5,3,3,26-35,Upto 5k
RM693,32,No,Travel_Rarely,Research & Development,3,Medical,3,Female,Manufacturing Director,1,Married,6725,13554,1,No,12,3,3,8,2,4,8,7,6,26-35,5k-10k
RM992,32,No,Travel_Rarely,Sales,2,Marketing,3,Male,Sales Executive,2,Married,4078,20497,0,Yes,13,3,1,4,3,2,3,2,1,26-35,Upto 5k
RM663,20,Yes,Travel_Rarely,Sales,2,Medical,3,Female,Sales Representative,3,Single,2044,22052,1,No,13,3,4,2,3,2,2,2,0,18-25,Upto 5k
RM1426,33,No,Travel_Rarely,Research & Development,15,Medical,2,Female,Healthcare Representative,4,Married,4878,21653,0,Yes,13,3,1,10,6,3,9,7,8,26-35,Upto 5k
RM546,30,No,Travel_Rarely,Sales,27,Marketing,3,Male,Sales Executive,4,Divorced,5304,25275,7,No,23,4,4,10,2,2,8,7,7,26-35,5k-10k
RM1437,21,No,Travel_Rarely,Sales,5,Medical,3,Male,Sales Representative,1,Single,2380,25479,1,Yes,11,3,4,2,6,3,2,2,1,18-25,Upto 5k
RM251,37,Yes,Travel_Frequently,Research & Development,10,Medical,1,Male,Manufacturing Director,3,Divorced,10048,22573,6,No,11,3,2,17,5,3,1,0,0,36-45,10k-15k
RM893,19,Yes,Non_Travel,Research & Development,10,Medical,1,Female,Research Scientist,2,Single,1859,6148,1,Yes,25,4,2,1,2,4,1,1,0,18-25,Upto 5k
RM252,39,No,Travel_Frequently,Research & Development,2,Technical Degree,3,Female,Healthcare Representative,3,Single,10938,6420,0,No,25,4,4,20,1,3,19,6,11,36-45,10k-15k
RM292,36,No,Travel_Rarely,Research & Development,3,Technical Degree,3,Male,Research Scientist,2,Single,4485,26285,4,No,12,3,4,10,2,3,8,0,7,36-45,Upto 5k
RM1231,24,No,Travel_Rarely,Research & Development,29,Medical,2,Male,Laboratory Technician,1,Divorced,3907,3622,1,No,13,3,2,6,2,4,6,2,1,18-25,Upto 5k
RM965,34,No,Travel_Rarely,Sales,15,Medical,3,Female,Sales Executive,1,Single,6125,23553,1,No,12,3,4,10,6,4,10,8,9,26-35,5k-10k
RM1083,23,No,Travel_Rarely,Research & Development,20,Life Sciences,1,Male,Laboratory Technician,3,Single,2272,24812,0,No,14,3,2,5,2,3,4,3,1,18-25,Upto 5k
RM1419,38,No,Travel_Frequently,Research & Development,6,Life Sciences,1,Male,Manufacturing Director,3,Married,5321,14284,2,No,11,3,4,10,1,3,8,3,7,36-45,5k-10k
RM329,33,No,Travel_Frequently,Sales,10,Marketing,2,Male,Sales Executive,4,Single,4682,4317,3,No,14,3,3,9,6,2,7,7,0,26-35,Upto 5k
RM460,41,No,Non_Travel,Research & Development,2,Other,1,Female,Healthcare Representative,3,Single,6811,2112,2,Yes,17,3,1,10,3,3,8,7,0,36-45,5k-10k
RM784,41,No,Travel_Rarely,Research & Development,7,Technical Degree,2,Female,Research Scientist,3,Married,3376,18863,1,No,13,3,3,10,3,3,10,6,0,36-45,Upto 5k
RM1271,34,No,Travel_Rarely,Sales,3,Life Sciences,4,Female,Sales Executive,4,Single,6029,25353,5,No,12,3,1,6,3,3,2,2,2,26-35,5k-10k
RM1351,27,No,Travel_Rarely,Sales,2,Medical,1,Female,Sales Executive,3,Single,6500,26997,0,No,14,3,2,9,5,2,8,7,0,26-35,5k-10k
RM056,33,No,Travel_Frequently,Research & Development,1,Life Sciences,1,Female,Research Director,4,Single,13458,15146,1,Yes,12,3,3,15,1,3,15,14,8,26-35,10k-15k
RM240,32,Yes,Travel_Rarely,Research & Development,1,Life Sciences,4,Male,Laboratory Technician,3,Single,3730,9571,0,Yes,14,3,4,4,2,1,3,2,1,26-35,Upto 5k
RM1075,33,No,Travel_Rarely,Research & Development,8,Life Sciences,4,Male,Healthcare Representative,3,Single,6388,22049,2,Yes,17,3,1,14,6,3,0,0,0,26-35,5k-10k
RM960,40,No,Travel_Rarely,Research & Development,2,Life Sciences,3,Male,Research Scientist,4,Single,4661,22455,1,No,13,3,3,9,4,3,9,8,8,36-45,Upto 5k
RM1037,31,Yes,Travel_Frequently,Research & Development,2,Life Sciences,2,Male,Laboratory Technician,4,Married,3722,21081,6,Yes,13,3,3,7,2,1,2,2,2,26-35,Upto 5k
RM950,39,No,Travel_Rarely,Research & Development,18,Life Sciences,1,Male,Manufacturing Director,3,Single,4534,13352,0,No,11,3,1,9,6,3,8,7,1,36-45,Upto 5k
RM485,31,No,Travel_Rarely,Sales,6,Medical,1,Male,Sales Executive,4,Divorced,5460,6219,4,No,22,4,4,13,4,4,7,7,5,26-35,5k-10k
RM179,46,No,Travel_Rarely,Sales,1,Marketing,2,Female,Sales Executive,1,Married,10453,2137,1,No,25,4,3,24,2,3,24,13,15,46-55,10k-15k
RM678,49,No,Travel_Rarely,Research & Development,8,Other,1,Female,Laboratory Technician,2,Married,7403,22477,4,No,11,3,3,29,3,2,26,9,1,46-55,5k-10k
RM563,33,Yes,Travel_Rarely,Research & Development,1,Other,4,Male,Research Scientist,4,Single,2686,5207,1,Yes,13,3,3,10,2,2,10,9,7,26-35,Upto 5k
RM1201,44,No,Travel_Rarely,Human Resources,1,Life Sciences,3,Female,Human Resources,4,Divorced,3195,4167,4,Yes,18,3,1,8,2,3,2,2,2,36-45,Upto 5k
RM836,35,No,Travel_Rarely,Human Resources,8,Technical Degree,3,Male,Human Resources,3,Single,4323,7108,1,No,17,3,2,6,2,1,5,4,1,26-35,Upto 5k
RM128,19,Yes,Travel_Rarely,Sales,22,Marketing,4,Male,Sales Representative,3,Single,1675,26820,1,Yes,19,3,4,0,2,2,0,0,0,18-25,Upto 5k
RM1450,32,No,Travel_Rarely,Research & Development,2,Technical Degree,4,Male,Research Scientist,1,Single,2439,11288,1,No,14,3,4,4,4,3,4,2,1,26-35,Upto 5k
RM265,28,Yes,Travel_Rarely,Research & Development,2,Life Sciences,1,Male,Laboratory Technician,3,Single,3485,14935,2,No,11,3,3,5,5,1,0,0,0,26-35,Upto 5k
RM353,48,No,Travel_Rarely,Sales,29,Medical,1,Female,Manager,3,Married,12504,23978,3,No,21,4,2,15,3,1,0,0,0,46-55,10k-15k
RM091,40,No,Travel_Frequently,Research & Development,1,Life Sciences,3,Male,Healthcare Representative,2,Married,13503,14115,1,No,22,4,4,22,3,2,22,3,11,36-45,10k-15k
RM694,36,Yes,Travel_Rarely,Sales,3,Life Sciences,3,Male,Sales Executive,4,Married,10325,5518,1,Yes,11,3,1,16,6,3,16,7,3,36-45,10k-15k
RM1221,36,No,Travel_Rarely,Sales,2,Life Sciences,3,Female,Sales Representative,4,Single,4502,7439,3,No,15,3,3,17,2,2,13,7,6,36-45,Upto 5k
RM1199,33,No,Non_Travel,Sales,16,Life Sciences,3,Female,Sales Executive,4,Divorced,5368,16130,1,Yes,25,4,3,7,2,3,6,5,1,26-35,5k-10k
RM927,43,No,Travel_Rarely,Sales,4,Marketing,4,Female,Sales Executive,4,Single,10231,20364,3,No,14,3,4,23,3,4,21,7,15,36-45,10k-15k
RM232,42,No,Travel_Rarely,Research & Development,4,Technical Degree,3,Male,Manager,4,Married,19232,4933,1,No,11,3,4,22,3,3,22,17,11,36-45,15k+
RM410,42,No,Travel_Frequently,Research & Development,29,Life Sciences,1,Female,Research Scientist,3,Divorced,4556,12932,2,No,11,3,2,19,3,3,5,4,0,36-45,Upto 5k
RM440,31,Yes,Travel_Frequently,Research & Development,20,Life Sciences,1,Male,Healthcare Representative,3,Married,9824,22908,3,No,12,3,1,12,2,3,1,0,0,26-35,5k-10k
RM110,22,No,Travel_Rarely,Research & Development,15,Medical,2,Female,Laboratory Technician,4,Single,2871,23785,1,No,15,3,3,1,5,3,0,0,0,18-25,Upto 5k
RM471,24,No,Travel_Frequently,Sales,24,Medical,4,Male,Sales Representative,4,Married,2400,5530,0,No,13,3,3,3,3,3,2,2,2,18-25,Upto 5k
RM909,33,No,Travel_Rarely,Sales,10,Marketing,4,Male,Sales Executive,3,Divorced,8380,21708,0,Yes,14,3,4,10,3,3,9,8,0,26-35,5k-10k
RM1100,45,No,Travel_Rarely,Research & Development,1,Technical Degree,1,Male,Healthcare Representative,2,Divorced,7441,20933,1,No,12,3,1,10,4,3,10,8,7,36-45,5k-10k
RM484,35,No,Travel_Rarely,Research & Development,25,Other,1,Male,Laboratory Technician,4,Single,3681,14004,4,No,14,3,4,9,3,3,3,2,0,26-35,Upto 5k
RM988,51,No,Travel_Frequently,Sales,2,Marketing,2,Male,Sales Executive,2,Married,10596,15395,2,No,11,3,2,14,5,3,4,2,3,46-55,10k-15k
RM360,36,No,Travel_Frequently,Sales,3,Medical,1,Male,Sales Executive,4,Married,9699,7246,4,No,11,3,1,16,2,3,13,9,1,36-45,5k-10k
RM087,23,No,Travel_Rarely,Sales,2,Technical Degree,3,Male,Sales Representative,1,Divorced,2322,9518,3,No,13,3,3,3,3,3,0,0,0,18-25,Upto 5k
RM133,31,Yes,Travel_Rarely,Sales,20,Life Sciences,2,Female,Sales Executive,3,Married,4559,24788,3,Yes,11,3,3,4,2,3,2,2,2,26-35,Upto 5k
RM1235,47,No,Non_Travel,Sales,2,Marketing,3,Male,Sales Executive,2,Married,4978,3536,7,No,11,3,4,4,3,1,1,0,0,46-55,Upto 5k
RM1428,40,No,Travel_Rarely,Research & Development,1,Life Sciences,1,Male,Laboratory Technician,4,Married,2406,4060,8,No,19,3,3,8,3,2,1,0,0,36-45,Upto 5k
RM351,42,No,Travel_Rarely,Human Resources,2,Technical Degree,3,Male,Human Resources,3,Divorced,2696,24017,0,Yes,11,3,3,4,5,3,3,2,1,36-45,Upto 5k
RM1154,18,Yes,Travel_Frequently,Sales,3,Medical,2,Female,Sales Representative,4,Single,1569,18420,1,Yes,12,3,3,0,2,4,0,0,0,18-25,Upto 5k
RM672,34,No,Travel_Rarely,Research & Development,10,Life Sciences,2,Male,Laboratory Technician,2,Divorced,2008,6896,1,No,14,3,2,1,3,3,1,0,1,26-35,Upto 5k
RM1153,21,No,Travel_Rarely,Research & Development,5,Medical,3,Male,Research Scientist,4,Single,3117,26009,1,No,18,3,3,3,2,3,2,2,2,18-25,Upto 5k
RM432,54,No,Travel_Rarely,Research & Development,8,Life Sciences,3,Female,Laboratory Technician,3,Single,3780,23428,7,No,11,3,3,19,3,3,1,0,0,46-55,Upto 5k
RM1267,41,No,Travel_Rarely,Research & Development,9,Life Sciences,3,Male,Laboratory Technician,1,Divorced,2289,20520,1,No,20,4,2,5,2,3,5,3,0,36-45,Upto 5k
RM074,32,No,Travel_Rarely,Research & Development,1,Life Sciences,2,Male,Research Scientist,2,Married,6220,7346,1,No,17,3,2,10,3,3,10,4,0,26-35,5k-10k
RM335,45,No,Travel_Rarely,Research & Development,8,Other,4,Male,Research Scientist,4,Married,3697,9278,9,No,14,3,1,12,3,3,10,9,9,36-45,Upto 5k
RM738,41,No,Travel_Rarely,Research & Development,7,Medical,4,Female,Manufacturing Director,3,Single,5003,23371,6,No,14,3,2,8,6,3,2,2,2,36-45,5k-10k
RM1229,41,No,Non_Travel,Human Resources,4,Human Resources,3,Male,Human Resources,2,Married,6430,20794,6,No,19,3,2,10,4,3,3,2,1,36-45,5k-10k
RM314,33,No,Travel_Frequently,Research & Development,5,Life Sciences,4,Female,Manager,2,Married,11878,23364,6,No,11,3,2,12,2,3,10,6,8,26-35,10k-15k
RM296,42,No,Travel_Frequently,Sales,26,Marketing,3,Female,Sales Executive,2,Married,13525,14864,5,No,14,3,4,23,2,4,20,4,4,36-45,10k-15k
RM392,40,No,Travel_Rarely,Research & Development,2,Medical,2,Female,Laboratory Technician,3,Married,3448,13436,6,No,22,4,2,20,3,3,1,0,0,36-45,Upto 5k
RM1347,45,No,Travel_Rarely,Research & Development,25,Life Sciences,2,Female,Manufacturing Director,4,Married,5906,23888,0,No,13,3,4,10,2,2,9,8,3,36-45,5k-10k
RM193,35,Yes,Travel_Rarely,Research & Development,23,Life Sciences,2,Male,Manufacturing Director,3,Married,5916,15497,3,Yes,13,3,1,8,1,3,1,0,0,26-35,5k-10k
RM1420,42,No,Travel_Rarely,Research & Development,18,Life Sciences,4,Male,Research Scientist,1,Divorced,5410,11189,6,Yes,17,3,3,9,3,2,4,3,1,36-45,5k-10k
RM1440,36,No,Travel_Rarely,Sales,3,Medical,1,Female,Sales Executive,4,Married,7644,12695,0,No,19,3,3,10,2,3,9,7,3,36-45,5k-10k
RM487,37,No,Travel_Rarely,Sales,2,Marketing,4,Male,Sales Executive,3,Married,9602,3010,4,Yes,11,3,3,17,3,2,3,0,1,36-45,5k-10k
RM331,43,No,Travel_Frequently,Research & Development,10,Life Sciences,3,Female,Laboratory Technician,3,Divorced,5257,6227,1,No,11,3,2,9,3,4,9,7,0,36-45,5k-10k
RM1146,36,No,Travel_Rarely,Research & Development,12,Life Sciences,3,Female,Manufacturing Director,3,Married,4663,12421,9,Yes,12,3,2,7,2,3,3,2,1,36-45,Upto 5k
RM1016,34,No,Travel_Frequently,Research & Development,1,Other,4,Male,Research Scientist,1,Divorced,2996,20284,5,No,14,3,3,10,2,3,4,3,1,26-35,Upto 5k
RM453,45,No,Travel_Rarely,Sales,2,Other,4,Male,Sales Executive,2,Married,4805,16177,0,No,19,3,2,9,3,4,8,7,3,36-45,Upto 5k
RM1086,31,Yes,Travel_Frequently,Research & Development,3,Life Sciences,4,Female,Research Scientist,3,Single,4084,4156,1,No,12,3,1,7,2,1,7,2,7,26-35,Upto 5k
RM529,50,Yes,Travel_Frequently,Sales,8,Technical Degree,2,Male,Sales Executive,3,Married,6796,23452,3,Yes,14,3,1,18,4,3,4,3,1,46-55,5k-10k
RM1136,46,No,Travel_Rarely,Sales,1,Life Sciences,4,Male,Manager,1,Single,17567,3156,1,No,15,3,2,27,5,1,26,0,0,46-55,15k+
RM724,46,No,Travel_Rarely,Research & Development,7,Medical,4,Male,Manufacturing Director,3,Married,10845,24208,6,No,13,3,2,13,3,3,8,7,0,46-55,10k-15k
RM299,36,No,Travel_Frequently,Research & Development,18,Life Sciences,3,Male,Laboratory Technician,4,Married,3688,7122,4,No,18,3,4,4,2,3,1,0,0,36-45,Upto 5k
RM1169,24,No,Travel_Frequently,Research & Development,2,Technical Degree,1,Female,Research Scientist,4,Single,3760,17218,1,Yes,13,3,3,6,2,3,6,3,1,18-25,Upto 5k
RM585,42,No,Travel_Frequently,Research & Development,8,Life Sciences,2,Male,Manager,4,Divorced,18430,16225,1,No,13,3,2,24,4,2,24,7,14,36-45,15k+
RM339,30,No,Travel_Rarely,Sales,5,Marketing,4,Female,Sales Executive,3,Divorced,6118,5431,1,No,13,3,3,10,2,3,10,9,1,26-35,5k-10k
RM1068,47,No,Travel_Rarely,Sales,14,Medical,3,Female,Sales Executive,3,Married,4591,24200,3,Yes,17,3,3,11,4,2,5,4,1,46-55,Upto 5k
RM578,37,No,Travel_Rarely,Research & Development,10,Life Sciences,4,Female,Research Scientist,1,Divorced,2782,19905,0,Yes,13,3,2,6,3,2,5,3,4,36-45,Upto 5k
RM1409,23,No,Travel_Rarely,Research & Development,12,Other,4,Male,Laboratory Technician,4,Single,2647,13672,1,No,13,3,3,5,6,4,5,2,1,18-25,Upto 5k
RM1310,26,No,Travel_Rarely,Sales,10,Medical,3,Male,Sales Executive,4,Single,4684,9125,1,No,13,3,1,5,4,3,5,3,1,26-35,Upto 5k
RM084,38,No,Non_Travel,Research & Development,6,Medical,2,Female,Research Scientist,4,Divorced,5329,15717,7,Yes,12,3,4,17,3,3,13,11,1,36-45,5k-10k
RM1400,43,No,Travel_Rarely,Research & Development,11,Life Sciences,1,Male,Healthcare Representative,3,Married,7510,16873,1,No,17,3,2,10,1,3,10,9,0,36-45,5k-10k
RM1319,29,No,Travel_Frequently,Research & Development,20,Medical,4,Male,Laboratory Technician,4,Married,3812,7003,1,No,13,3,2,11,3,4,11,8,3,26-35,Upto 5k
RM369,40,Yes,Travel_Rarely,Sales,22,Marketing,3,Male,Sales Executive,3,Married,6380,6110,2,Yes,12,3,1,8,6,3,6,4,1,36-45,5k-10k
RM1092,33,No,Travel_Rarely,Research & Development,25,Life Sciences,4,Male,Manufacturing Director,2,Single,4320,24152,1,No,13,3,4,5,2,3,5,3,0,26-35,Upto 5k
RM383,26,Yes,Travel_Frequently,Research & Development,3,Technical Degree,3,Male,Research Scientist,1,Single,3102,6582,0,No,22,4,3,7,2,3,6,4,0,26-35,Upto 5k
RM572,26,No,Travel_Frequently,Research & Development,1,Life Sciences,1,Female,Laboratory Technician,4,Divorced,4364,5288,3,No,14,3,1,5,2,3,2,2,2,26-35,Upto 5k
RM534,40,No,Travel_Frequently,Sales,5,Life Sciences,4,Male,Sales Executive,1,Married,10475,23772,5,Yes,21,4,3,20,2,3,18,13,1,36-45,10k-15k
RM1152,28,No,Travel_Rarely,Research & Development,27,Medical,2,Female,Manufacturing Director,1,Divorced,4877,20460,0,No,21,4,2,6,5,2,5,3,0,26-35,Upto 5k
RM1218,24,No,Travel_Rarely,Research & Development,9,Medical,3,Male,Research Scientist,3,Married,4401,17616,1,No,16,3,4,5,1,3,5,3,0,18-25,Upto 5k
RM1424,22,No,Travel_Rarely,Research & Development,1,Life Sciences,4,Male,Research Scientist,3,Single,3375,17624,0,No,12,3,4,4,2,4,3,2,1,18-25,Upto 5k
RM1446,41,No,Travel_Rarely,Research & Development,28,Life Sciences,1,Female,Manufacturing Director,2,Married,13570,5640,0,No,23,4,3,21,3,3,20,7,0,36-45,10k-15k
RM730,35,No,Travel_Rarely,Research & Development,25,Medical,3,Female,Healthcare Representative,3,Divorced,10388,6975,1,Yes,11,3,3,16,3,2,16,10,10,26-35,10k-15k
RM913,26,No,Travel_Rarely,Research & Development,4,Life Sciences,3,Male,Research Scientist,4,Single,2875,9973,1,Yes,20,4,2,8,2,2,8,5,2,26-35,Upto 5k
RM639,25,No,Travel_Rarely,Sales,4,Marketing,3,Male,Sales Executive,1,Married,4256,18154,1,No,12,3,1,5,1,4,5,2,0,18-25,Upto 5k
RM1185,54,No,Travel_Rarely,Research & Development,22,Medical,2,Female,Manager,3,Married,17426,18685,3,No,25,4,3,36,6,3,10,8,4,46-55,15k+
RM1435,52,No,Non_Travel,Sales,29,Life Sciences,1,Male,Sales Representative,4,Married,3482,19788,2,No,15,3,2,16,3,2,9,8,0,46-55,Upto 5k
RM1227,32,No,Travel_Frequently,Research & Development,10,Life Sciences,1,Male,Research Scientist,3,Married,3433,17360,6,No,13,3,1,10,3,2,5,2,1,26-35,Upto 5k
RM620,33,No,Travel_Rarely,Sales,1,Medical,1,Male,Sales Executive,1,Divorced,4037,21816,1,No,22,4,1,9,5,3,9,8,0,26-35,Upto 5k
RM437,33,Yes,Travel_Rarely,Research & Development,10,Medical,1,Male,Laboratory Technician,4,Divorced,3408,6705,7,No,13,3,1,8,2,3,4,3,1,26-35,Upto 5k
RM951,31,No,Non_Travel,Sales,2,Life Sciences,4,Female,Sales Executive,3,Divorced,9852,8935,1,Yes,19,3,1,10,5,2,10,8,9,26-35,5k-10k
RM320,32,No,Travel_Rarely,Sales,8,Technical Degree,3,Female,Sales Executive,2,Married,5228,24624,1,Yes,11,3,4,13,2,3,13,12,11,26-35,5k-10k
RM1315,45,No,Non_Travel,Sales,2,Life Sciences,3,Female,Sales Executive,3,Married,5154,19665,4,No,22,4,2,10,3,4,8,7,5,36-45,5k-10k
RM610,43,No,Travel_Rarely,Research & Development,14,Life Sciences,2,Male,Research Director,1,Married,17159,5200,6,No,24,4,3,22,3,3,4,1,1,36-45,15k+
RM1277,37,No,Travel_Rarely,Sales,9,Marketing,2,Male,Sales Executive,2,Married,4189,8800,1,No,14,3,1,5,2,3,5,2,0,36-45,Upto 5k
RM1096,33,No,Travel_Rarely,Research & Development,28,Life Sciences,2,Male,Laboratory Technician,3,Married,5207,22949,1,Yes,12,3,2,15,3,3,15,14,5,26-35,5k-10k
RM1259,29,No,Travel_Rarely,Research & Development,4,Technical Degree,4,Female,Research Scientist,1,Divorced,2109,10007,1,No,13,3,3,1,2,3,1,0,0,26-35,Upto 5k
RM005,27,No,Travel_Rarely,Research & Development,2,Medical,1,Male,Laboratory Technician,2,Married,3468,16632,9,No,12,3,4,6,3,3,2,2,2,26-35,Upto 5k
RM1171,27,No,Travel_Frequently,Research & Development,2,Medical,4,Male,Research Scientist,4,Single,2580,6297,2,No,13,3,3,6,0,2,4,2,1,26-35,Upto 5k
RM1033,39,Yes,Non_Travel,Research & Development,2,Life Sciences,1,Female,Laboratory Technician,1,Single,3646,17181,2,Yes,23,4,2,11,2,4,1,0,0,36-45,Upto 5k
RM1344,29,No,Travel_Rarely,Research & Development,7,Life Sciences,4,Male,Laboratory Technician,1,Single,2062,19384,3,No,14,3,2,11,2,3,3,2,1,26-35,Upto 5k
RM361,57,No,Travel_Rarely,Research & Development,1,Medical,4,Male,Healthcare Representative,3,Married,6755,2967,2,No,11,3,3,15,2,3,3,2,1,55+,5k-10k
RM838,40,No,Travel_Frequently,Research & Development,9,Medical,2,Female,Research Director,3,Single,13499,13782,9,No,17,3,3,20,3,2,18,7,2,36-45,10k-15k
RM1257,38,No,Travel_Frequently,Research & Development,2,Medical,3,Female,Laboratory Technician,2,Married,2468,15963,4,No,14,3,2,9,4,2,6,1,0,36-45,Upto 5k
RM129,22,No,Travel_Rarely,Research & Development,2,Technical Degree,3,Male,Laboratory Technician,4,Married,2523,19299,0,No,14,3,3,3,2,3,2,1,2,18-25,Upto 5k
RM1105,29,No,Travel_Rarely,Research & Development,9,Life Sciences,3,Male,Research Scientist,3,Married,2451,22376,6,No,18,3,1,5,2,2,1,0,0,26-35,Upto 5k
RM912,25,Yes,Travel_Frequently,Sales,24,Life Sciences,3,Male,Sales Representative,4,Single,1118,8040,1,Yes,14,3,4,1,4,3,1,0,1,18-25,Upto 5k
RM1247,30,Yes,Travel_Frequently,Human Resources,8,Human Resources,3,Female,Human Resources,4,Divorced,2180,9732,6,No,11,3,3,6,0,2,4,2,1,26-35,Upto 5k
RM967,58,Yes,Travel_Rarely,Research & Development,7,Medical,3,Female,Manufacturing Director,1,Married,10008,12023,7,Yes,14,3,4,31,0,2,10,9,5,55+,10k-15k
RM1027,32,No,Travel_Rarely,Sales,7,Marketing,4,Male,Sales Executive,4,Married,9204,23343,4,No,12,3,3,7,3,2,4,3,0,26-35,5k-10k
RM1166,44,No,Travel_Frequently,Human Resources,1,Human Resources,1,Male,Human Resources,4,Married,5743,10503,4,Yes,11,3,3,14,3,3,10,7,0,36-45,5k-10k
RM172,19,Yes,Travel_Frequently,Sales,1,Technical Degree,3,Female,Sales Representative,1,Single,2325,20989,0,No,21,4,1,1,5,4,0,0,0,18-25,Upto 5k
RM926,42,No,Travel_Rarely,Research & Development,7,Medical,2,Female,Research Scientist,2,Married,2372,5628,6,Yes,16,3,4,18,2,3,1,0,0,36-45,Upto 5k
RM830,33,Yes,Travel_Rarely,Sales,9,Marketing,1,Female,Sales Executive,1,Single,8224,18385,0,Yes,17,3,1,6,3,3,5,2,0,26-35,5k-10k
RM936,32,No,Travel_Rarely,Sales,8,Medical,3,Male,Sales Executive,4,Married,6209,11693,1,No,15,3,3,10,4,4,10,7,0,26-35,5k-10k
RM499,22,No,Travel_Rarely,Research & Development,6,Medical,1,Male,Research Scientist,3,Married,2773,12145,0,No,20,4,4,3,3,3,2,2,2,18-25,Upto 5k
RM1375,58,No,Travel_Rarely,Sales,21,Life Sciences,4,Female,Manager,4,Married,17875,11761,4,Yes,13,3,3,29,2,2,1,0,0,55+,15k+
RM1112,53,Yes,Travel_Rarely,Research & Development,2,Technical Degree,3,Female,Manufacturing Director,4,Married,10169,14618,0,No,16,3,2,34,4,3,33,7,1,46-55,10k-15k
RM969,36,No,Travel_Frequently,Sales,7,Marketing,1,Female,Sales Executive,1,Married,4639,2261,2,No,16,3,4,17,2,2,15,7,6,36-45,Upto 5k
RM636,35,No,Travel_Rarely,Research & Development,9,Life Sciences,4,Female,Manufacturing Director,3,Married,10685,23457,1,Yes,20,4,2,17,2,3,17,14,5,26-35,10k-15k
RM531,27,No,Travel_Rarely,Research & Development,1,Life Sciences,3,Female,Manufacturing Director,1,Married,7412,6009,1,No,11,3,4,9,3,3,9,7,0,26-35,5k-10k
RM1243,40,No,Travel_Rarely,Sales,7,Medical,2,Male,Manager,2,Single,19833,4349,1,No,14,3,2,21,3,2,21,8,12,36-45,15k+
RM1467,39,No,Travel_Rarely,Research & Development,6,Medical,4,Male,Healthcare Representative,1,Married,9991,21457,4,No,15,3,1,9,5,3,7,7,1,36-45,5k-10k
RM1467,39,No,Travel_Rarely,Research & Development,6,Medical,4,Male,Healthcare Representative,1,Married,9991,21457,4,No,15,3,1,9,5,3,7,7,1,36-45,5k-10k
RM1287,40,No,Travel_Rarely,Research & Development,2,Life Sciences,3,Female,Laboratory Technician,1,Married,3377,25605,4,No,17,3,4,7,5,2,4,3,0,36-45,Upto 5k
RM691,31,No,Travel_Rarely,Research & Development,12,Medical,4,Female,Healthcare Representative,4,Married,5855,17369,0,Yes,11,3,3,10,2,1,9,7,8,26-35,5k-10k
RM667,22,Yes,Travel_Rarely,Research & Development,3,Life Sciences,2,Female,Manufacturing Director,3,Married,4171,10022,0,Yes,19,3,1,4,3,4,3,2,0,18-25,Upto 5k
RM795,34,No,Travel_Frequently,Research & Development,3,Life Sciences,1,Male,Healthcare Representative,4,Single,7756,22266,0,No,17,3,3,7,1,2,6,2,0,26-35,5k-10k
RM671,27,No,Travel_Rarely,Research & Development,4,Life Sciences,2,Female,Research Scientist,3,Single,2318,17808,1,No,19,3,3,1,2,3,1,1,0,26-35,Upto 5k
RM448,35,No,Travel_Rarely,Sales,1,Marketing,2,Male,Sales Executive,3,Married,4717,18659,9,No,11,3,3,15,2,3,11,9,6,26-35,Upto 5k
RM562,52,No,Travel_Rarely,Sales,3,Marketing,3,Male,Manager,1,Married,16856,10084,1,No,11,3,1,34,3,4,34,6,1,46-55,15k+
RM929,44,Yes,Travel_Rarely,Research & Development,15,Medical,1,Female,Healthcare Representative,4,Married,7978,14075,1,No,11,3,4,10,2,3,10,7,0,36-45,5k-10k
RM489,42,No,Travel_Rarely,Research & Development,2,Life Sciences,3,Female,Healthcare Representative,4,Married,4089,5718,1,No,13,3,2,10,4,3,10,2,2,36-45,Upto 5k
RM726,35,Yes,Travel_Rarely,Research & Development,14,Other,3,Male,Laboratory Technician,2,Divorced,3743,10074,1,Yes,24,4,4,5,2,1,4,2,0,26-35,Upto 5k
RM479,25,No,Travel_Rarely,Sales,13,Medical,2,Male,Sales Representative,3,Married,2096,26376,1,No,11,3,3,7,1,3,7,4,0,18-25,Upto 5k
RM618,44,No,Travel_Rarely,Research & Development,4,Medical,4,Male,Healthcare Representative,2,Single,5933,5197,9,No,12,3,4,10,2,2,5,2,2,36-45,5k-10k
RM696,37,Yes,Travel_Rarely,Sales,1,Life Sciences,1,Male,Sales Executive,3,Married,10609,14922,5,No,11,3,3,17,2,1,14,1,11,36-45,10k-15k
RM051,48,Yes,Travel_Rarely,Research & Development,1,Life Sciences,1,Male,Laboratory Technician,3,Single,5381,19294,9,Yes,13,3,4,23,2,3,1,0,0,46-55,5k-10k
RM1470,34,No,Travel_Rarely,Research & Development,8,Medical,2,Male,Laboratory Technician,3,Married,4404,10228,2,No,12,3,1,6,3,4,4,3,1,26-35,Upto 5k
RM182,34,No,Travel_Rarely,Research & Development,27,Medical,4,Female,Research Scientist,2,Single,2311,5711,2,No,15,3,4,9,3,3,3,2,1,26-35,Upto 5k
RM159,40,No,Travel_Rarely,Sales,4,Marketing,3,Male,Sales Executive,4,Married,10855,8552,7,No,11,3,1,15,2,2,12,11,2,36-45,10k-15k
RM092,51,No,Travel_Rarely,Sales,21,Marketing,3,Male,Sales Executive,4,Single,5441,8423,0,Yes,22,4,4,11,2,1,10,7,1,46-55,5k-10k
RM1140,32,No,Travel_Rarely,Research & Development,5,Other,2,Female,Research Scientist,4,Married,3312,18783,3,No,17,3,4,6,3,3,3,2,0,26-35,Upto 5k
RM949,30,No,Travel_Rarely,Research & Development,17,Medical,2,Female,Manager,1,Married,11916,25927,1,Yes,23,4,4,9,2,3,9,1,0,26-35,10k-15k
RM282,42,No,Travel_Rarely,Sales,1,Life Sciences,2,Male,Sales Executive,3,Married,4907,24532,1,No,25,4,3,20,3,3,20,16,11,36-45,Upto 5k
RM443,36,No,Non_Travel,Sales,10,Medical,2,Male,Sales Executive,4,Single,9980,15318,1,No,14,3,4,10,3,2,10,3,9,36-45,5k-10k
RM208,36,No,Travel_Frequently,Research & Development,18,Medical,2,Female,Laboratory Technician,4,Single,2153,7703,1,No,13,3,1,8,2,3,8,1,1,36-45,Upto 5k
RM291,49,No,Travel_Frequently,Research & Development,10,Life Sciences,3,Female,Research Director,1,Single,18665,25594,9,Yes,11,3,4,22,4,3,3,2,1,46-55,15k+
RM849,35,No,Travel_Frequently,Research & Development,4,Other,4,Male,Laboratory Technician,4,Married,2376,26537,1,No,13,3,2,2,2,4,2,2,2,26-35,Upto 5k
RM094,46,No,Travel_Frequently,Research & Development,1,Medical,3,Male,Healthcare Representative,1,Married,10673,3142,2,Yes,13,3,3,21,5,2,10,9,9,46-55,10k-15k
RM627,32,No,Travel_Rarely,Research & Development,8,Medical,3,Female,Research Scientist,3,Married,5175,22162,5,No,12,3,3,9,3,2,5,3,1,26-35,5k-10k
RM1439,23,Yes,Travel_Frequently,Sales,9,Marketing,4,Male,Sales Representative,1,Married,1790,26956,1,No,19,3,1,1,3,2,1,0,1,18-25,Upto 5k
RM934,28,No,Travel_Rarely,Research & Development,1,Technical Degree,4,Male,Research Scientist,1,Single,2080,4732,2,No,11,3,2,5,2,2,3,2,1,26-35,Upto 5k
RM355,30,No,Non_Travel,Sales,25,Technical Degree,4,Female,Sales Executive,3,Married,4736,6069,7,Yes,12,3,2,4,2,4,2,2,2,26-35,Upto 5k
RM1421,41,No,Travel_Rarely,Research & Development,1,Life Sciences,4,Male,Research Scientist,4,Married,2782,21412,3,No,22,4,1,12,3,3,5,3,1,36-45,Upto 5k
RM210,46,No,Travel_Rarely,Research & Development,1,Medical,4,Male,Healthcare Representative,1,Married,9396,12368,7,No,16,3,3,17,3,3,4,2,0,46-55,5k-10k
RM404,41,No,Travel_Rarely,Sales,1,Marketing,2,Male,Sales Executive,1,Married,8392,19566,1,No,16,3,3,10,2,3,10,7,0,36-45,5k-10k
RM854,19,No,Travel_Rarely,Research & Development,9,Life Sciences,3,Male,Research Scientist,1,Single,2552,7172,1,No,25,4,3,1,4,3,1,1,0,18-25,Upto 5k
RM501,32,No,Travel_Rarely,Research & Development,9,Life Sciences,1,Female,Research Scientist,4,Married,6322,18089,1,Yes,12,3,4,6,2,2,6,4,0,26-35,5k-10k
RM840,42,No,Travel_Rarely,Sales,4,Marketing,2,Male,Sales Executive,1,Single,5155,2253,7,No,13,3,4,9,3,4,6,4,1,36-45,5k-10k
RM924,34,No,Travel_Frequently,Human Resources,11,Life Sciences,3,Male,Human Resources,2,Married,4490,21833,4,No,11,3,4,14,5,4,10,9,1,26-35,Upto 5k
RM551,23,No,Travel_Rarely,Research & Development,9,Medical,2,Male,Laboratory Technician,1,Married,2500,4344,1,No,14,3,4,5,2,4,4,3,0,18-25,Upto 5k
RM1005,26,No,Travel_Rarely,Research & Development,7,Other,3,Male,Laboratory Technician,1,Single,3578,23577,0,No,12,3,4,8,2,3,7,7,0,26-35,Upto 5k
RM062,38,No,Travel_Frequently,Research & Development,29,Life Sciences,4,Female,Laboratory Technician,4,Single,2406,5456,1,No,11,3,4,10,2,3,10,3,9,36-45,Upto 5k
RM1132,34,No,Travel_Frequently,Research & Development,10,Technical Degree,4,Male,Healthcare Representative,3,Married,5063,15332,1,No,14,3,2,8,3,2,8,2,7,26-35,5k-10k
RM791,33,No,Travel_Rarely,Research & Development,5,Life Sciences,4,Male,Healthcare Representative,4,Divorced,7119,21214,4,No,15,3,3,9,2,3,3,2,1,26-35,5k-10k
RM541,28,Yes,Travel_Rarely,Research & Development,1,Life Sciences,1,Female,Research Scientist,2,Single,2216,3872,7,Yes,13,3,4,10,4,3,7,7,3,26-35,Upto 5k
RM877,20,No,Travel_Rarely,Sales,21,Marketing,3,Male,Sales Representative,4,Single,2678,5050,1,No,17,3,4,2,2,3,2,1,2,18-25,Upto 5k
RM059,31,No,Travel_Rarely,Research & Development,7,Life Sciences,4,Male,Laboratory Technician,4,Divorced,5915,9528,3,No,22,4,4,10,3,2,7,7,1,26-35,5k-10k
RM573,29,No,Travel_Rarely,Research & Development,27,Medical,2,Female,Healthcare Representative,3,Married,4335,25549,4,No,12,3,1,11,3,2,8,7,1,26-35,Upto 5k
RM685,40,No,Travel_Rarely,Sales,10,Marketing,1,Male,Sales Executive,2,Divorced,9705,20652,2,No,12,3,2,11,2,2,1,0,0,36-45,5k-10k
RM112,34,Yes,Travel_Frequently,Research & Development,7,Life Sciences,1,Male,Laboratory Technician,3,Single,6074,22887,1,Yes,24,4,4,9,3,3,9,7,0,26-35,5k-10k
RM1060,35,No,Travel_Rarely,Sales,7,Life Sciences,4,Male,Sales Representative,3,Married,2404,16192,1,No,13,3,1,1,3,3,1,0,0,26-35,Upto 5k
RM762,36,Yes,Travel_Rarely,Research & Development,15,Other,1,Male,Laboratory Technician,3,Divorced,4834,7858,7,No,14,3,2,9,3,2,1,0,0,36-45,Upto 5k
RM625,53,No,Travel_Rarely,Sales,7,Marketing,1,Female,Sales Executive,4,Married,10934,20715,7,Yes,18,3,4,35,3,3,5,2,0,46-55,10k-15k
RM1269,53,No,Non_Travel,Research & Development,1,Medical,1,Female,Manufacturing Director,3,Married,12965,22308,4,Yes,20,4,4,27,2,2,3,2,0,46-55,10k-15k
RM659,44,No,Travel_Rarely,Research & Development,9,Life Sciences,2,Male,Research Scientist,1,Married,2559,7508,1,Yes,13,3,4,8,0,3,8,7,7,36-45,Upto 5k
RM152,35,No,Travel_Rarely,Sales,1,Marketing,3,Male,Sales Executive,2,Married,7295,11439,1,No,13,3,1,10,3,3,10,8,0,26-35,5k-10k
RM982,35,Yes,Travel_Frequently,Sales,18,Marketing,4,Female,Sales Executive,3,Married,4614,23288,0,Yes,18,3,3,5,0,2,4,2,3,26-35,Upto 5k
RM1030,40,No,Non_Travel,Research & Development,9,Other,3,Male,Laboratory Technician,3,Divorced,3975,23099,3,No,11,3,3,11,2,4,8,7,0,36-45,Upto 5k
RM223,37,No,Travel_Frequently,Research & Development,11,Other,2,Male,Research Director,4,Divorced,12185,10056,1,Yes,14,3,3,10,1,3,10,8,0,36-45,10k-15k
RM069,35,No,Travel_Frequently,Research & Development,1,Medical,2,Male,Research Scientist,1,Married,2194,5868,4,No,13,3,4,5,2,2,3,2,1,26-35,Upto 5k
RM104,34,No,Travel_Rarely,Research & Development,6,Other,1,Female,Research Scientist,3,Single,4809,12482,1,No,14,3,3,16,3,3,16,13,2,26-35,Upto 5k
RM253,29,No,Travel_Rarely,Research & Development,15,Life Sciences,3,Male,Research Scientist,4,Single,2340,22673,1,No,19,3,1,6,1,3,6,5,1,26-35,Upto 5k
RM272,47,Yes,Non_Travel,Research & Development,29,Life Sciences,1,Male,Manager,2,Married,11849,10268,1,Yes,12,3,4,10,2,2,10,7,9,46-55,10k-15k
RM1442,56,No,Non_Travel,Research & Development,1,Life Sciences,3,Male,Healthcare Representative,3,Married,6306,26236,1,No,21,4,1,13,2,2,13,12,1,55+,5k-10k
RM1013,31,Yes,Travel_Frequently,Sales,1,Life Sciences,2,Female,Sales Representative,3,Single,1359,16154,1,No,12,3,2,1,3,3,1,0,0,26-35,Upto 5k
RM090,46,Yes,Travel_Rarely,Sales,9,Medical,3,Male,Sales Executive,4,Single,9619,13596,1,No,16,3,4,9,3,3,9,8,4,46-55,5k-10k
RM848,34,No,Travel_Frequently,Research & Development,1,Medical,4,Male,Healthcare Representative,1,Single,5343,25755,0,No,20,4,3,14,3,3,13,9,4,26-35,5k-10k
RM1124,35,No,Travel_Rarely,Research & Development,10,Medical,1,Female,Healthcare Representative,3,Single,6142,4223,3,Yes,16,3,3,10,4,3,5,2,0,26-35,5k-10k
RM013,31,No,Travel_Rarely,Research & Development,26,Life Sciences,1,Male,Research Scientist,3,Divorced,2911,15170,1,No,17,3,4,5,1,2,5,2,4,26-35,Upto 5k
RM1159,37,No,Travel_Rarely,Research & Development,19,Life Sciences,3,Male,Manufacturing Director,3,Married,5768,26493,3,No,17,3,1,9,2,2,4,3,0,36-45,5k-10k
RM327,39,No,Travel_Frequently,Research & Development,7,Medical,3,Male,Manager,4,Married,19272,21141,1,No,15,3,1,21,2,3,21,9,13,36-45,15k+
RM648,35,No,Travel_Rarely,Research & Development,25,Technical Degree,4,Male,Manufacturing Director,2,Married,10903,9129,3,No,16,3,1,16,2,3,13,10,4,26-35,10k-15k
RM021,24,No,Non_Travel,Research & Development,11,Other,1,Female,Manufacturing Director,3,Divorced,4011,8232,0,No,18,3,4,5,5,2,4,2,1,18-25,Upto 5k
RM1090,37,No,Travel_Rarely,Research & Development,13,Medical,1,Male,Research Scientist,4,Married,4285,3031,1,No,17,3,1,10,2,3,10,8,3,36-45,Upto 5k
RM268,25,No,Non_Travel,Research & Development,5,Life Sciences,2,Male,Healthcare Representative,1,Divorced,4000,18384,1,No,12,3,4,6,2,3,6,3,1,18-25,Upto 5k
RM1084,40,Yes,Travel_Rarely,Research & Development,9,Life Sciences,4,Male,Laboratory Technician,1,Single,2018,21831,3,No,14,3,2,15,3,1,5,4,1,36-45,Upto 5k
RM594,36,No,Travel_Rarely,Research & Development,1,Other,3,Female,Manufacturing Director,2,Married,5228,23361,0,No,15,3,1,10,2,3,9,7,0,36-45,5k-10k
RM1213,34,No,Travel_Rarely,Research & Development,19,Life Sciences,2,Female,Research Scientist,4,Married,2929,20338,1,No,12,3,2,10,3,3,10,9,8,26-35,Upto 5k
RM099,58,No,Travel_Rarely,Sales,10,Medical,4,Male,Sales Executive,3,Single,13872,24409,0,No,13,3,3,38,1,2,37,10,1,55+,10k-15k
RM1381,35,No,Travel_Rarely,Sales,18,Medical,2,Male,Sales Executive,1,Married,5561,15975,0,No,16,3,4,6,2,1,5,3,0,26-35,5k-10k
RM999,26,No,Travel_Rarely,Research & Development,2,Medical,1,Male,Research Scientist,4,Single,3904,4050,0,No,12,3,4,5,2,3,4,3,1,26-35,Upto 5k
RM124,51,No,Travel_Rarely,Research & Development,6,Life Sciences,1,Male,Research Director,3,Single,19537,6462,7,No,13,3,3,23,5,3,20,18,15,46-55,15k+
RM1117,55,No,Travel_Rarely,Sales,26,Marketing,3,Male,Manager,4,Married,19586,23037,1,No,21,4,3,36,3,3,36,6,2,46-55,15k+
RM895,54,No,Travel_Rarely,Research & Development,3,Life Sciences,4,Male,Research Director,4,Married,17779,23474,3,No,14,3,1,36,2,3,10,9,0,46-55,15k+
RM256,25,No,Travel_Rarely,Research & Development,1,Life Sciences,1,Female,Manufacturing Director,3,Married,4898,7505,0,No,12,3,4,5,3,3,4,2,1,18-25,Upto 5k
RM288,38,No,Travel_Rarely,Research & Development,23,Life Sciences,4,Male,Healthcare Representative,4,Divorced,5745,18899,9,No,14,3,2,10,2,3,2,2,1,36-45,5k-10k
RM1441,36,No,Travel_Frequently,Research & Development,4,Life Sciences,4,Female,Manufacturing Director,2,Divorced,5131,9192,7,No,13,3,2,18,3,3,4,2,0,36-45,5k-10k
RM457,31,No,Travel_Rarely,Sales,7,Life Sciences,3,Male,Manager,4,Divorced,11557,25291,9,No,21,4,3,10,3,2,5,4,0,26-35,10k-15k
RM406,25,Yes,Travel_Rarely,Research & Development,3,Medical,1,Male,Laboratory Technician,1,Married,4031,9396,5,No,13,3,3,6,5,3,2,2,0,18-25,Upto 5k
RM145,32,No,Travel_Frequently,Sales,9,Medical,4,Male,Sales Executive,4,Divorced,4668,22812,0,No,17,3,4,9,2,4,8,7,0,26-35,Upto 5k
RM589,50,No,Travel_Rarely,Research & Development,2,Medical,3,Male,Research Director,3,Married,17639,6881,5,No,16,3,4,30,3,3,4,3,0,46-55,15k+
RM028,42,No,Travel_Rarely,Sales,8,Marketing,3,Male,Sales Executive,2,Married,6825,21173,0,No,11,3,4,10,2,3,9,7,4,36-45,5k-10k
RM322,31,No,Travel_Rarely,Sales,7,Marketing,4,Male,Sales Executive,4,Divorced,7547,7143,4,No,12,3,4,13,3,3,7,7,1,26-35,5k-10k
RM310,31,No,Travel_Rarely,Research & Development,5,Technical Degree,3,Male,Research Scientist,4,Married,4821,10077,0,Yes,12,3,3,6,4,3,5,2,0,26-35,Upto 5k
RM162,27,No,Non_Travel,Research & Development,9,Medical,4,Male,Research Scientist,2,Divorced,2024,5970,6,No,18,3,4,6,1,1,2,2,2,26-35,Upto 5k
RM475,24,No,Travel_Rarely,Research & Development,23,Medical,2,Male,Research Scientist,4,Married,2725,21630,1,Yes,11,3,2,6,3,3,6,5,1,18-25,Upto 5k
RM188,55,No,Travel_Rarely,Research & Development,14,Medical,3,Male,Research Director,2,Single,18722,13339,8,No,11,3,4,36,3,3,24,15,2,46-55,15k+
RM1410,40,No,Travel_Frequently,Research & Development,11,Technical Degree,4,Female,Laboratory Technician,3,Married,6323,26849,1,No,11,3,1,10,2,4,10,9,9,36-45,5k-10k
RM983,38,No,Travel_Frequently,Research & Development,7,Life Sciences,4,Male,Research Scientist,3,Divorced,2610,15748,1,No,11,3,4,4,2,3,4,2,0,36-45,Upto 5k
RM526,24,Yes,Travel_Rarely,Sales,3,Life Sciences,1,Female,Sales Executive,3,Single,4577,24785,9,No,14,3,1,4,3,3,2,2,2,18-25,Upto 5k
RM906,29,No,Travel_Rarely,Research & Development,1,Life Sciences,4,Female,Research Director,4,Divorced,16124,3423,3,No,14,3,2,9,2,2,7,7,1,26-35,15k+
RM880,60,No,Travel_Rarely,Sales,7,Marketing,2,Male,Sales Executive,4,Married,5220,10893,0,Yes,18,3,2,12,3,3,11,7,1,55+,5k-10k
RM804,34,No,Non_Travel,Research & Development,3,Life Sciences,3,Male,Research Scientist,4,Married,2979,22478,3,No,17,3,4,6,2,3,0,0,0,26-35,Upto 5k
RM1406,31,No,Non_Travel,Research & Development,10,Medical,3,Female,Research Director,3,Married,11031,26862,4,No,20,4,3,13,2,4,11,7,4,26-35,10k-15k
RM191,52,No,Travel_Rarely,Research & Development,1,Life Sciences,3,Male,Manager,3,Married,19999,5678,0,No,14,3,1,34,5,3,33,18,11,46-55,15k+
RM025,34,Yes,Travel_Rarely,Research & Development,6,Medical,2,Male,Research Scientist,1,Single,2960,17102,2,No,11,3,3,8,2,3,4,2,1,26-35,Upto 5k
RM169,38,No,Travel_Rarely,Sales,1,Life Sciences,1,Female,Sales Executive,4,Single,8686,12930,4,No,22,4,3,12,2,4,8,3,0,36-45,5k-10k
RM607,34,No,Travel_Frequently,Research & Development,16,Life Sciences,3,Female,Research Scientist,4,Single,2553,8306,1,No,16,3,3,6,3,3,5,2,1,26-35,Upto 5k
RM533,47,No,Travel_Rarely,Sales,14,Marketing,4,Male,Sales Executive,1,Single,4960,11825,2,No,12,3,4,20,2,3,7,7,1,46-55,Upto 5k
RM981,31,Yes,Travel_Frequently,Sales,2,Life Sciences,3,Female,Sales Representative,4,Single,2785,11882,7,No,14,3,3,3,3,4,1,0,0,26-35,Upto 5k
RM476,26,No,Travel_Rarely,Sales,28,Marketing,1,Male,Sales Executive,2,Married,6272,7428,1,No,20,4,4,6,5,4,5,3,1,26-35,5k-10k
RM1447,34,No,Travel_Rarely,Sales,28,Marketing,4,Female,Sales Executive,3,Married,6712,8978,1,No,21,4,4,8,2,3,8,7,1,26-35,5k-10k
RM030,46,No,Travel_Rarely,Sales,2,Marketing,2,Female,Manager,1,Single,18947,22822,3,No,12,3,4,22,2,2,2,2,2,46-55,15k+
RM1323,46,No,Travel_Rarely,Research & Development,2,Life Sciences,4,Male,Manufacturing Director,4,Divorced,8578,19989,3,No,14,3,3,12,4,2,9,8,4,46-55,5k-10k
RM1205,48,Yes,Travel_Frequently,Sales,7,Medical,4,Female,Sales Representative,3,Married,2655,11740,2,Yes,11,3,3,19,3,3,9,7,7,46-55,Upto 5k
RM1160,39,No,Travel_Frequently,Research & Development,4,Medical,1,Female,Manufacturing Director,3,Single,5042,3140,0,No,13,3,4,10,2,1,9,2,3,36-45,5k-10k
RM1174,36,No,Travel_Rarely,Research & Development,5,Life Sciences,2,Female,Healthcare Representative,1,Married,8008,22792,4,No,12,3,3,9,6,3,3,2,0,36-45,5k-10k
RM176,56,No,Travel_Rarely,Research & Development,8,Life Sciences,3,Female,Research Scientist,1,Married,4257,13939,4,Yes,18,3,3,19,3,3,2,2,2,55+,Upto 5k
RM744,59,No,Travel_Rarely,Research & Development,2,Life Sciences,3,Female,Manufacturing Director,4,Single,13726,21829,3,Yes,13,3,1,30,4,3,5,3,4,55+,10k-15k
RM571,52,No,Non_Travel,Research & Development,19,Medical,4,Male,Research Scientist,4,Married,4258,26589,0,No,18,3,1,5,3,3,4,3,1,46-55,Upto 5k
RM905,48,No,Travel_Rarely,Research & Development,1,Life Sciences,4,Male,Research Director,4,Single,18265,8733,6,No,12,3,3,25,3,4,1,0,0,46-55,15k+
RM1145,31,No,Travel_Frequently,Sales,2,Other,4,Male,Sales Executive,1,Single,5332,21602,7,No,13,3,4,10,3,3,5,2,0,26-35,5k-10k
RM1232,46,No,Travel_Rarely,Research & Development,13,Life Sciences,3,Male,Healthcare Representative,2,Single,5562,9697,6,No,14,3,4,19,3,3,10,7,0,46-55,5k-10k
RM852,56,No,Travel_Rarely,Research & Development,4,Technical Degree,4,Female,Manager,1,Married,19943,18575,4,No,13,3,4,28,2,3,5,2,4,55+,15k+
RM826,29,No,Travel_Rarely,Research & Development,8,Medical,2,Male,Manufacturing Director,4,Married,5056,17689,1,Yes,15,3,3,10,2,2,10,7,1,26-35,5k-10k
RM567,47,Yes,Travel_Frequently,Sales,27,Life Sciences,2,Female,Sales Executive,3,Single,6397,10339,4,Yes,12,3,4,8,2,3,5,4,1,46-55,5k-10k
RM602,40,No,Travel_Frequently,Research & Development,16,Medical,1,Male,Laboratory Technician,3,Single,5094,11983,6,No,14,3,4,10,6,3,1,0,0,36-45,5k-10k
RM045,30,No,Travel_Frequently,Research & Development,1,Medical,3,Female,Laboratory Technician,4,Single,4011,10781,1,No,23,4,4,12,2,3,12,8,3,26-35,Upto 5k
RM1148,49,No,Travel_Rarely,Research & Development,25,Life Sciences,3,Female,Laboratory Technician,1,Married,3211,22102,1,No,14,3,4,10,3,2,9,6,1,46-55,Upto 5k
RM1463,39,No,Travel_Rarely,Sales,24,Marketing,2,Female,Sales Executive,4,Married,12031,8828,0,No,11,3,1,21,2,2,20,9,9,36-45,10k-15k
RM711,33,No,Non_Travel,Sales,17,Life Sciences,4,Male,Manager,3,Single,17444,20489,1,No,11,3,4,10,2,3,10,8,6,26-35,15k+
RM318,52,Yes,Travel_Rarely,Research & Development,8,Medical,3,Male,Research Scientist,2,Married,4941,17747,2,No,15,3,1,11,3,2,8,2,7,46-55,Upto 5k
RM1309,38,No,Travel_Rarely,Sales,2,Marketing,2,Female,Sales Representative,4,Married,5405,4244,2,Yes,20,4,1,20,4,2,4,2,0,36-45,5k-10k
RM569,55,Yes,Travel_Rarely,Research & Development,2,Medical,4,Male,Manager,1,Married,19859,21199,5,Yes,13,3,4,24,2,3,5,2,1,46-55,15k+
RM1325,29,No,Travel_Rarely,Research & Development,29,Life Sciences,4,Male,Healthcare Representative,3,Divorced,6384,21143,8,No,17,3,4,11,3,3,7,0,1,26-35,5k-10k
RM516,35,No,Non_Travel,Research & Development,3,Life Sciences,3,Male,Laboratory Technician,3,Married,1281,16900,1,No,18,3,3,1,3,3,1,0,0,26-35,Upto 5k
RM1198,20,No,Travel_Rarely,Sales,9,Life Sciences,4,Male,Sales Representative,1,Single,2728,21082,1,No,11,3,1,2,3,3,2,2,0,18-25,Upto 5k
RM276,37,No,Non_Travel,Research & Development,1,Medical,1,Female,Research Director,4,Divorced,13603,11677,2,Yes,18,3,1,15,2,3,5,2,0,36-45,10k-15k
RM1329,27,No,Travel_Rarely,Sales,23,Medical,2,Female,Sales Representative,3,Married,3540,7018,1,No,21,4,4,9,5,3,9,8,5,26-35,Upto 5k
RM1278,46,No,Travel_Rarely,Research & Development,2,Medical,3,Male,Research Director,4,Divorced,19328,14218,7,Yes,17,3,3,24,3,3,2,1,2,46-55,15k+
RM1360,34,No,Travel_Rarely,Sales,3,Medical,4,Female,Sales Executive,4,Married,8103,16495,3,Yes,12,3,3,9,3,2,4,2,0,26-35,5k-10k
RM925,35,No,Travel_Rarely,Research & Development,6,Life Sciences,3,Male,Research Scientist,3,Married,3506,6020,0,Yes,14,3,4,4,3,3,3,2,2,26-35,Upto 5k
RM1369,34,No,Travel_Frequently,Research & Development,22,Other,3,Male,Research Scientist,4,Married,5747,26496,1,Yes,15,3,2,16,3,3,15,10,6,26-35,5k-10k
RM985,28,No,Travel_Rarely,Sales,26,Life Sciences,3,Male,Sales Executive,1,Married,4724,24232,1,No,11,3,3,5,0,3,5,3,0,26-35,Upto 5k
RM1163,35,Yes,Travel_Rarely,Sales,10,Medical,4,Male,Sales Executive,1,Married,10306,21530,9,No,17,3,3,15,3,3,13,12,6,26-35,10k-15k
RM338,29,No,Travel_Rarely,Research & Development,9,Other,2,Male,Laboratory Technician,4,Single,3983,7621,0,No,17,3,3,4,2,3,3,2,2,26-35,Upto 5k
RM1107,30,Yes,Travel_Rarely,Sales,1,Life Sciences,2,Male,Sales Executive,1,Married,9714,5323,1,No,11,3,4,10,4,3,10,8,6,26-35,5k-10k
RM1228,31,No,Travel_Rarely,Research & Development,2,Life Sciences,2,Male,Laboratory Technician,3,Married,3477,18103,1,No,14,3,4,6,2,4,5,2,0,26-35,Upto 5k
RM076,31,No,Travel_Rarely,Research & Development,8,Life Sciences,3,Female,Manufacturing Director,4,Single,4424,20682,1,No,23,4,4,11,2,3,11,7,1,26-35,Upto 5k
RM350,29,No,Non_Travel,Sales,2,Life Sciences,4,Male,Sales Executive,3,Married,4649,16928,1,No,14,3,1,4,3,2,4,3,0,26-35,Upto 5k
RM1366,29,Yes,Travel_Frequently,Sales,24,Technical Degree,3,Male,Sales Representative,1,Single,1091,10642,1,No,17,3,4,1,3,3,1,0,0,26-35,Upto 5k
RM1051,42,No,Travel_Frequently,Research & Development,9,Medical,1,Female,Laboratory Technician,4,Single,3673,16458,1,No,13,3,3,12,3,3,12,9,5,36-45,Upto 5k
RM1305,40,No,Travel_Rarely,Research & Development,12,Life Sciences,2,Female,Healthcare Representative,1,Divorced,4448,10748,2,No,12,3,2,15,3,3,7,4,7,36-45,Upto 5k
RM1131,35,No,Travel_Rarely,Research & Development,28,Life Sciences,2,Male,Laboratory Technician,3,Married,3407,25348,1,No,17,3,4,10,3,2,10,9,6,26-35,Upto 5k
RM122,33,No,Non_Travel,Sales,22,Marketing,3,Male,Sales Executive,2,Married,6146,15480,0,No,13,3,1,8,2,4,7,7,0,26-35,5k-10k
RM1396,31,Yes,Travel_Frequently,Sales,26,Marketing,1,Male,Sales Executive,4,Married,5617,21075,1,Yes,11,3,3,10,4,3,10,7,0,26-35,5k-10k
RM373,35,No,Travel_Rarely,Research & Development,9,Life Sciences,3,Male,Healthcare Representative,2,Single,6540,19394,9,No,19,3,3,10,5,3,1,1,0,26-35,5k-10k
RM358,21,Yes,Travel_Frequently,Sales,1,Technical Degree,1,Female,Sales Representative,2,Single,2174,9150,1,Yes,11,3,3,3,3,3,3,2,1,18-25,Upto 5k
RM388,40,No,Travel_Rarely,Sales,2,Marketing,4,Female,Sales Executive,2,Divorced,5715,22553,7,No,12,3,3,8,5,3,5,4,1,36-45,5k-10k
RM613,28,No,Travel_Rarely,Sales,2,Marketing,2,Female,Sales Executive,2,Married,4779,3698,1,Yes,20,4,1,8,2,3,8,7,7,26-35,Upto 5k
RM1168,35,Yes,Travel_Rarely,Sales,15,Medical,1,Male,Sales Executive,4,Divorced,5440,22098,6,Yes,14,3,4,7,2,2,2,2,2,26-35,5k-10k
RM1293,39,No,Travel_Frequently,Sales,20,Life Sciences,3,Male,Sales Executive,4,Divorced,4127,19188,2,No,18,3,4,7,6,3,2,1,2,36-45,Upto 5k
RM777,20,Yes,Travel_Frequently,Sales,9,Marketing,4,Female,Sales Representative,4,Single,2323,17205,1,Yes,14,3,2,2,3,3,2,2,0,18-25,Upto 5k
RM963,51,No,Travel_Rarely,Human Resources,5,Life Sciences,3,Male,Manager,2,Married,14026,17588,1,Yes,11,3,2,33,2,3,33,9,0,46-55,10k-15k
RM808,38,No,Travel_Rarely,Sales,10,Marketing,3,Male,Sales Executive,3,Divorced,8740,5569,0,Yes,14,3,2,9,2,3,8,7,2,36-45,5k-10k
RM238,52,No,Non_Travel,Sales,2,Life Sciences,1,Male,Manager,3,Single,19068,21030,1,Yes,18,3,4,33,2,4,33,7,15,46-55,15k+
RM1408,24,No,Travel_Rarely,Research & Development,1,Life Sciences,2,Male,Healthcare Representative,3,Single,4617,14120,1,No,12,3,2,4,2,2,4,3,1,18-25,Upto 5k
RM1175,25,No,Travel_Frequently,Research & Development,2,Life Sciences,4,Male,Manufacturing Director,3,Divorced,5206,4973,1,No,17,3,3,7,6,3,7,7,0,18-25,5k-10k
RM828,28,No,Travel_Frequently,Research & Development,6,Life Sciences,3,Male,Research Scientist,3,Divorced,2703,22088,1,Yes,14,3,4,3,2,3,3,1,0,26-35,Upto 5k
RM549,43,No,Travel_Frequently,Sales,15,Life Sciences,4,Male,Sales Executive,4,Married,6804,23683,3,No,18,3,3,7,5,3,2,2,2,36-45,5k-10k
RM1266,33,No,Non_Travel,Research & Development,4,Technical Degree,4,Male,Research Scientist,2,Divorced,3055,6194,5,No,15,3,4,11,2,2,9,8,1,26-35,Upto 5k
RM461,26,No,Travel_Rarely,Sales,29,Medical,1,Male,Sales Executive,3,Divorced,4306,4267,5,No,12,3,1,8,5,3,0,0,0,26-35,Upto 5k
RM077,35,No,Travel_Rarely,Sales,1,Marketing,3,Male,Sales Executive,1,Single,4312,23016,0,No,14,3,2,16,2,3,15,13,2,26-35,Upto 5k
RM661,58,Yes,Travel_Frequently,Research & Development,2,Life Sciences,4,Male,Laboratory Technician,4,Married,2380,13384,9,Yes,14,3,4,3,3,2,1,0,0,55+,Upto 5k
RM490,43,No,Travel_Rarely,Research & Development,6,Other,2,Male,Research Director,4,Divorced,16627,2671,4,Yes,14,3,3,21,3,2,1,0,0,36-45,15k+
RM1345,37,No,Travel_Rarely,Research & Development,7,Medical,4,Male,Research Scientist,1,Married,4284,13588,5,Yes,22,4,3,16,2,3,5,3,0,36-45,Upto 5k
RM1365,28,No,Travel_Frequently,Sales,1,Life Sciences,3,Male,Sales Executive,4,Married,6834,19255,1,Yes,12,3,3,7,2,3,7,7,0,26-35,5k-10k
RM1207,26,No,Non_Travel,Research & Development,7,Medical,4,Male,Laboratory Technician,4,Single,2570,11925,1,No,20,4,3,7,5,3,7,7,5,26-35,Upto 5k
RM760,45,No,Travel_Rarely,Human Resources,24,Medical,2,Male,Human Resources,2,Single,2177,8318,1,No,16,3,1,6,3,3,6,3,0,36-45,Upto 5k
RM1059,34,Yes,Travel_Rarely,Sales,24,Medical,1,Female,Sales Executive,2,Single,4599,7815,0,Yes,23,4,3,16,2,4,15,9,10,26-35,Upto 5k
RM583,40,No,Travel_Frequently,Research & Development,2,Medical,3,Female,Healthcare Representative,2,Married,4244,9931,1,No,24,4,4,8,2,3,8,7,3,36-45,Upto 5k
RM922,28,No,Travel_Frequently,Research & Development,1,Medical,4,Male,Laboratory Technician,3,Single,2154,6842,0,Yes,11,3,3,5,2,2,4,2,0,26-35,Upto 5k
RM1241,39,No,Non_Travel,Research & Development,1,Life Sciences,4,Male,Laboratory Technician,4,Married,6472,8989,1,Yes,15,3,4,9,2,3,9,8,5,36-45,5k-10k
RM819,31,No,Travel_Frequently,Sales,20,Life Sciences,3,Male,Sales Representative,4,Married,2791,21981,0,No,12,3,1,3,4,3,2,2,2,26-35,Upto 5k
RM1234,30,No,Travel_Rarely,Research & Development,16,Life Sciences,2,Male,Research Scientist,4,Married,2862,3811,1,No,12,3,2,10,2,2,10,0,0,26-35,Upto 5k
RM975,27,No,Travel_Frequently,Sales,2,Life Sciences,4,Male,Sales Executive,4,Single,5071,20392,3,No,20,4,2,8,3,3,6,2,0,26-35,5k-10k
RM1296,41,No,Travel_Rarely,Sales,4,Marketing,3,Female,Sales Executive,3,Divorced,10447,26458,0,Yes,13,3,4,23,3,4,22,14,13,36-45,10k-15k
RM774,36,No,Travel_Rarely,Research & Development,12,Medical,4,Female,Manufacturing Director,4,Single,8858,15669,0,No,11,3,2,15,2,2,14,8,7,36-45,5k-10k
RM280,50,No,Travel_Rarely,Research & Development,4,Life Sciences,1,Male,Research Director,2,Married,19144,15815,3,No,14,3,1,28,4,2,10,4,1,46-55,15k+
RM326,31,No,Travel_Frequently,Research & Development,7,Life Sciences,3,Female,Manufacturing Director,3,Married,8943,14034,1,No,24,4,1,10,2,3,10,9,8,26-35,5k-10k
RM486,27,No,Travel_Rarely,Research & Development,6,Medical,1,Female,Research Scientist,3,Divorced,2187,5013,0,No,12,3,3,6,5,2,5,3,0,26-35,Upto 5k
RM465,37,No,Travel_Rarely,Research & Development,1,Technical Degree,2,Female,Manufacturing Director,4,Single,7491,23848,4,No,17,3,4,12,3,4,6,5,1,36-45,5k-10k
RM1432,32,No,Travel_Rarely,Sales,1,Marketing,3,Female,Sales Executive,4,Married,10422,24032,1,No,19,3,3,14,3,3,14,10,5,26-35,10k-15k
RM134,41,No,Travel_Rarely,Sales,9,Life Sciences,3,Male,Sales Executive,3,Divorced,8189,21196,3,Yes,13,3,3,12,2,3,9,7,0,36-45,5k-10k
RM741,35,No,Travel_Rarely,Research & Development,10,Other,2,Male,Laboratory Technician,4,Divorced,3917,9541,1,No,20,4,1,3,4,2,3,2,1,26-35,Upto 5k
RM743,50,No,Travel_Rarely,Research & Development,9,Life Sciences,1,Male,Laboratory Technician,4,Married,2380,20165,4,No,18,3,2,8,5,3,1,0,0,46-55,Upto 5k
RM554,40,No,Travel_Rarely,Research & Development,2,Medical,4,Female,Research Scientist,4,Single,2342,22929,0,Yes,20,4,4,5,2,2,4,2,2,36-45,Upto 5k
RM697,45,No,Non_Travel,Research & Development,4,Life Sciences,3,Male,Laboratory Technician,2,Married,4447,23163,1,No,12,3,2,9,5,2,9,7,0,36-45,Upto 5k
RM590,29,Yes,Travel_Rarely,Research & Development,1,Life Sciences,2,Female,Laboratory Technician,1,Married,2319,6689,1,Yes,11,3,4,1,1,3,1,0,0,26-35,Upto 5k
RM857,20,No,Travel_Rarely,Research & Development,3,Life Sciences,1,Male,Laboratory Technician,3,Single,3033,12828,1,No,12,3,1,2,2,2,2,2,1,18-25,Upto 5k
RM520,29,No,Travel_Frequently,Research & Development,1,Life Sciences,2,Male,Research Scientist,4,Divorced,2720,18959,1,No,18,3,4,10,5,3,10,7,2,26-35,Upto 5k
RM933,29,Yes,Travel_Rarely,Research & Development,7,Technical Degree,2,Female,Laboratory Technician,3,Divorced,3339,17285,3,Yes,13,3,1,10,2,3,7,7,7,26-35,Upto 5k
RM1263,43,Yes,Travel_Frequently,Research & Development,17,Technical Degree,3,Male,Research Scientist,3,Married,2437,15587,9,Yes,16,3,4,6,4,3,1,0,0,36-45,Upto 5k
RM101,37,Yes,Travel_Rarely,Human Resources,6,Human Resources,3,Male,Human Resources,1,Divorced,2073,23648,4,Yes,22,4,4,7,3,3,3,2,0,36-45,Upto 5k
RM132,50,No,Travel_Frequently,Sales,12,Marketing,3,Female,Sales Executive,4,Single,9208,6645,4,No,11,3,4,16,3,3,2,2,2,46-55,5k-10k
RM1196,49,No,Travel_Rarely,Research & Development,1,Life Sciences,3,Male,Manager,3,Single,15379,22384,4,No,14,3,1,23,2,3,8,7,0,46-55,15k+
RM011,35,No,Travel_Rarely,Research & Development,16,Medical,1,Male,Laboratory Technician,2,Married,2426,16479,0,No,13,3,3,6,5,3,5,4,0,26-35,Upto 5k
RM349,42,No,Travel_Rarely,Research & Development,23,Life Sciences,1,Female,Research Director,4,Single,15992,15901,2,No,14,3,2,16,2,3,1,0,0,36-45,15k+
RM1301,34,No,Travel_Rarely,Sales,8,Technical Degree,2,Male,Sales Executive,3,Married,6799,22128,1,No,21,4,3,10,5,3,10,8,4,26-35,5k-10k
RM518,25,No,Travel_Rarely,Sales,8,Life Sciences,4,Male,Sales Executive,2,Married,4851,15678,0,No,22,4,3,4,4,3,3,2,1,18-25,Upto 5k
RM302,18,No,Travel_Rarely,Sales,10,Medical,4,Female,Sales Representative,3,Single,1200,9724,1,No,12,3,1,0,2,3,0,0,0,18-25,Upto 5k
RM1178,50,No,Travel_Rarely,Research & Development,17,Life Sciences,4,Female,Research Director,1,Married,13269,21981,5,No,15,3,3,19,3,3,14,11,1,46-55,10k-15k
RM235,33,Yes,Travel_Rarely,Research & Development,14,Medical,3,Male,Laboratory Technician,4,Married,2436,22149,5,Yes,13,3,3,8,2,1,5,4,0,26-35,Upto 5k
RM035,24,Yes,Travel_Rarely,Research & Development,1,Medical,2,Male,Research Scientist,4,Married,2293,3020,2,Yes,16,3,1,6,2,2,2,0,2,18-25,Upto 5k
RM521,48,No,Travel_Rarely,Sales,2,Marketing,2,Male,Sales Executive,2,Married,8120,18597,3,No,12,3,4,12,3,3,2,2,2,46-55,5k-10k
RM974,35,No,Travel_Rarely,Research & Development,1,Medical,4,Female,Laboratory Technician,4,Married,5363,10846,0,No,12,3,2,10,0,3,9,7,0,26-35,5k-10k
RM233,59,No,Travel_Rarely,Human Resources,6,Medical,2,Male,Human Resources,3,Married,2267,25657,8,No,17,3,4,7,2,2,2,2,2,55+,Upto 5k
RM847,35,No,Travel_Rarely,Research & Development,2,Life Sciences,3,Male,Manufacturing Director,2,Divorced,10274,19588,2,No,18,3,2,15,2,4,7,7,6,26-35,10k-15k
RM1151,35,No,Travel_Rarely,Research & Development,18,Life Sciences,2,Male,Research Scientist,1,Married,5208,26312,1,No,11,3,4,16,2,3,16,15,1,26-35,5k-10k
RM393,54,No,Travel_Rarely,Research & Development,5,Medical,1,Male,Research Director,1,Married,19406,8509,4,No,11,3,3,24,4,2,4,2,1,46-55,15k+
RM660,28,No,Travel_Rarely,Sales,5,Medical,1,Male,Sales Executive,4,Single,4908,24252,1,No,14,3,2,4,3,3,4,2,0,26-35,Upto 5k
RM1331,43,No,Travel_Rarely,Research & Development,6,Medical,1,Female,Manager,3,Married,19392,22539,7,No,13,3,4,21,2,3,16,12,6,36-45,15k+
RM477,24,No,Travel_Rarely,Research & Development,17,Other,4,Male,Laboratory Technician,2,Married,2127,9100,1,No,21,4,4,1,2,3,1,0,0,18-25,Upto 5k
RM1102,32,No,Travel_Rarely,Research & Development,5,Life Sciences,4,Female,Research Scientist,2,Married,5878,15624,3,No,12,3,1,12,2,3,7,1,2,26-35,5k-10k
RM530,38,No,Travel_Rarely,Research & Development,1,Life Sciences,2,Female,Healthcare Representative,4,Single,7625,19383,0,No,13,3,3,10,4,2,9,7,1,36-45,5k-10k
RM716,33,No,Travel_Frequently,Research & Development,1,Other,3,Female,Healthcare Representative,2,Married,5488,20161,1,Yes,13,3,1,6,2,3,6,5,1,26-35,5k-10k
RM793,33,Yes,Travel_Frequently,Research & Development,29,Medical,1,Female,Research Scientist,3,Single,4508,3129,1,No,22,4,2,14,4,3,13,7,3,26-35,Upto 5k
RM102,32,No,Travel_Rarely,Research & Development,1,Life Sciences,4,Male,Research Scientist,1,Single,2956,15178,1,No,13,3,4,1,2,3,1,0,0,26-35,Upto 5k
RM451,31,No,Travel_Rarely,Sales,2,Life Sciences,2,Male,Sales Executive,4,Single,6582,8346,4,Yes,13,3,3,10,2,4,6,5,0,26-35,5k-10k
RM1056,34,No,Travel_Frequently,Research & Development,15,Medical,2,Male,Research Director,1,Divorced,17007,11929,7,No,14,3,4,16,3,2,14,8,6,26-35,15k+
RM614,34,No,Travel_Rarely,Human Resources,3,Human Resources,3,Male,Human Resources,4,Married,3737,2243,0,No,19,3,3,4,1,1,3,2,0,26-35,Upto 5k
RM212,30,No,Non_Travel,Research & Development,1,Life Sciences,3,Male,Manufacturing Director,3,Single,8474,20925,1,No,22,4,3,12,2,3,11,8,5,26-35,5k-10k
RM577,27,No,Travel_Frequently,Sales,8,Marketing,3,Male,Sales Executive,4,Married,4342,24008,0,No,19,3,2,5,3,3,4,2,1,26-35,Upto 5k
RM1062,24,No,Non_Travel,Sales,13,Life Sciences,4,Female,Sales Representative,2,Married,2033,7103,1,No,13,3,3,1,2,3,1,0,0,18-25,Upto 5k
RM553,56,No,Travel_Rarely,Research & Development,9,Medical,3,Male,Healthcare Representative,4,Married,11103,20420,7,No,11,3,3,30,1,2,10,7,1,55+,10k-15k
RM247,33,No,Travel_Rarely,Research & Development,5,Life Sciences,3,Female,Research Scientist,4,Married,2911,14776,1,No,13,3,3,2,2,2,2,2,0,26-35,Upto 5k
RM259,51,No,Travel_Rarely,Research & Development,1,Life Sciences,3,Male,Research Scientist,4,Married,2723,23231,1,No,11,3,2,1,0,2,1,0,0,46-55,Upto 5k
RM1262,38,No,Travel_Rarely,Research & Development,18,Medical,2,Male,Healthcare Representative,4,Married,5811,24539,3,Yes,16,3,3,15,2,3,1,0,1,36-45,5k-10k
RM1336,39,No,Travel_Rarely,Research & Development,19,Other,4,Male,Research Scientist,4,Divorced,3902,5141,8,No,14,3,2,7,2,3,2,2,2,36-45,Upto 5k
RM066,55,No,Travel_Rarely,Research & Development,8,Medical,4,Female,Manager,3,Married,14756,19730,2,Yes,14,3,3,21,2,3,5,0,0,46-55,10k-15k
RM1337,55,No,Travel_Rarely,Research & Development,2,Technical Degree,2,Male,Research Scientist,4,Married,2662,7975,8,No,20,4,2,19,2,4,5,2,0,46-55,Upto 5k
RM717,41,No,Travel_Frequently,Research & Development,9,Medical,1,Male,Research Director,3,Divorced,19419,3735,2,No,17,3,2,21,2,4,18,16,0,36-45,15k+
RM126,26,No,Travel_Rarely,Research & Development,6,Other,3,Female,Research Scientist,2,Married,2368,23300,1,No,19,3,3,5,3,2,5,4,4,26-35,Upto 5k
RM359,36,No,Non_Travel,Sales,1,Medical,4,Female,Sales Executive,4,Single,6653,15276,4,No,15,3,2,7,6,3,1,0,0,36-45,5k-10k
RM939,58,No,Travel_Rarely,Research & Development,23,Life Sciences,1,Male,Research Scientist,3,Married,2372,26076,1,No,12,3,4,2,3,3,2,2,2,55+,Upto 5k
RM1286,46,No,Non_Travel,Sales,26,Life Sciences,2,Male,Sales Executive,2,Single,7991,25166,8,No,15,3,3,6,3,3,2,2,2,46-55,5k-10k
RM308,38,No,Travel_Rarely,Research & Development,25,Life Sciences,1,Female,Research Director,2,Married,12061,26707,3,No,17,3,3,19,2,3,10,8,0,36-45,10k-15k
RM039,36,No,Travel_Rarely,Research & Development,5,Life Sciences,2,Female,Research Scientist,1,Married,3419,13072,9,Yes,14,3,4,6,3,4,1,1,0,36-45,Upto 5k
RM081,30,No,Travel_Rarely,Research & Development,1,Life Sciences,4,Male,Laboratory Technician,4,Married,5126,15998,1,Yes,12,3,3,10,1,2,10,8,3,26-35,5k-10k
RM845,30,No,Travel_Rarely,Sales,10,Marketing,3,Male,Sales Executive,3,Married,6578,2706,1,No,18,3,1,10,3,3,10,3,1,26-35,5k-10k
RM057,35,No,Travel_Frequently,Sales,18,Life Sciences,2,Male,Sales Executive,1,Married,9069,11031,1,No,22,4,4,9,3,2,9,8,1,26-35,5k-10k
RM727,31,No,Travel_Frequently,Research & Development,1,Life Sciences,3,Female,Manufacturing Director,1,Married,4148,11275,1,No,12,3,3,4,1,3,4,3,0,26-35,Upto 5k
RM875,30,No,Travel_Rarely,Research & Development,7,Life Sciences,3,Male,Laboratory Technician,3,Divorced,3491,11309,1,No,13,3,1,10,4,2,10,7,8,26-35,Upto 5k
RM234,50,No,Travel_Rarely,Sales,1,Medical,4,Female,Manager,4,Married,19517,24118,3,No,11,3,3,32,3,2,7,0,0,46-55,15k+
RM970,48,No,Travel_Rarely,Research & Development,4,Life Sciences,4,Male,Manufacturing Director,4,Single,7898,18706,1,No,11,3,3,11,2,3,10,9,0,46-55,5k-10k
RM1264,42,No,Travel_Rarely,Research & Development,12,Medical,2,Male,Laboratory Technician,2,Divorced,2766,8952,8,No,22,4,2,7,6,2,5,3,0,36-45,Upto 5k
RM1014,30,No,Travel_Rarely,Sales,7,Marketing,4,Female,Sales Executive,1,Divorced,4779,12761,7,No,14,3,2,8,3,3,3,2,0,26-35,Upto 5k
RM148,41,No,Travel_Frequently,Research & Development,10,Life Sciences,4,Male,Manager,1,Divorced,17181,12888,4,No,13,3,2,21,2,2,7,6,7,36-45,15k+
RM789,28,No,Travel_Rarely,Research & Development,10,Other,3,Female,Research Scientist,3,Single,3660,7909,3,No,13,3,4,10,4,4,8,7,1,26-35,Upto 5k
RM601,32,No,Travel_Rarely,Research & Development,4,Life Sciences,3,Female,Manufacturing Director,3,Married,6162,19124,1,No,12,3,3,14,3,3,14,13,6,26-35,5k-10k
RM851,32,No,Non_Travel,Sales,2,Life Sciences,3,Female,Sales Representative,1,Divorced,2827,14947,1,No,12,3,3,1,3,3,1,0,0,26-35,Upto 5k
RM1042,28,No,Travel_Rarely,Sales,5,Medical,4,Male,Sales Executive,1,Single,8463,23490,0,No,18,3,4,6,4,3,5,4,1,26-35,5k-10k
RM1373,39,No,Travel_Rarely,Research & Development,9,Medical,1,Male,Manufacturing Director,1,Married,5151,12315,1,No,25,4,4,10,3,3,10,0,7,36-45,5k-10k
RM1283,33,No,Travel_Rarely,Research & Development,8,Life Sciences,4,Male,Research Scientist,1,Married,3143,6076,6,No,19,3,2,14,1,3,10,8,7,26-35,Upto 5k
RM684,25,Yes,Travel_Rarely,Sales,19,Marketing,3,Male,Sales Representative,2,Married,2413,18798,1,Yes,18,3,3,1,2,3,1,0,0,18-25,Upto 5k
RM647,53,No,Travel_Rarely,Sales,8,Marketing,1,Male,Sales Executive,4,Married,11836,22789,5,No,14,3,3,28,3,3,2,0,2,46-55,10k-15k
RM037,50,Yes,Travel_Rarely,Sales,3,Marketing,1,Male,Sales Representative,3,Married,2683,3810,1,Yes,14,3,3,3,2,3,3,2,0,46-55,Upto 5k
RM103,20,Yes,Travel_Frequently,Research & Development,6,Life Sciences,4,Female,Laboratory Technician,4,Single,2926,19783,1,Yes,18,3,2,1,5,3,1,0,1,18-25,Upto 5k
RM832,31,Yes,Travel_Frequently,Research & Development,15,Medical,3,Male,Laboratory Technician,3,Married,2610,6233,1,No,12,3,3,2,5,2,2,2,2,26-35,Upto 5k
RM1453,50,Yes,Travel_Frequently,Sales,1,Life Sciences,2,Male,Sales Executive,3,Married,6728,14255,7,No,12,3,4,12,3,3,6,3,0,46-55,5k-10k
RM203,34,No,Travel_Frequently,Research & Development,10,Medical,4,Male,Research Scientist,3,Divorced,3815,5972,1,Yes,17,3,4,5,4,4,5,3,2,26-35,Upto 5k
RM932,30,No,Non_Travel,Research & Development,9,Medical,3,Female,Manufacturing Director,3,Single,4695,12858,7,Yes,18,3,3,10,3,3,8,4,1,26-35,Upto 5k
RM1187,35,Yes,Travel_Frequently,Sales,12,Other,4,Male,Sales Executive,4,Single,4581,10414,3,Yes,24,4,1,13,2,4,11,9,6,26-35,Upto 5k
RM654,50,No,Non_Travel,Research & Development,2,Life Sciences,1,Male,Manager,1,Married,17924,4544,1,No,11,3,4,31,3,3,31,6,14,46-55,15k+
RM705,35,No,Travel_Rarely,Sales,3,Life Sciences,4,Male,Sales Executive,4,Divorced,7823,6812,6,No,13,3,2,12,2,3,10,9,0,26-35,5k-10k
RM966,25,No,Travel_Rarely,Research & Development,19,Medical,4,Male,Laboratory Technician,4,Married,3669,9075,3,No,11,3,3,7,6,2,3,2,1,18-25,Upto 5k
RM564,25,No,Travel_Rarely,Sales,26,Medical,3,Female,Sales Executive,4,Single,6180,22807,1,No,23,4,2,6,5,2,6,5,1,18-25,5k-10k
RM1157,40,No,Travel_Rarely,Research & Development,15,Life Sciences,1,Female,Manufacturing Director,3,Married,10435,25800,1,No,13,3,4,18,2,3,18,15,14,36-45,10k-15k
RM1122,36,No,Travel_Rarely,Sales,1,Life Sciences,2,Female,Sales Executive,3,Single,6815,21447,6,No,13,3,1,15,5,3,1,0,0,36-45,5k-10k
RM1466,36,No,Travel_Frequently,Research & Development,23,Medical,3,Male,Laboratory Technician,4,Married,2571,12290,4,No,17,3,3,17,3,3,5,2,0,36-45,Upto 5k
RM1466,36,No,Travel_Frequently,Research & Development,23,Medical,3,Male,Laboratory Technician,4,Married,2571,12290,4,No,17,3,3,17,3,3,5,2,0,36-45,Upto 5k
RM753,36,Yes,Travel_Rarely,Research & Development,16,Life Sciences,3,Female,Laboratory Technician,1,Single,2743,8269,1,No,16,3,3,18,1,3,17,13,15,36-45,Upto 5k
RM517,23,No,Travel_Rarely,Research & Development,4,Medical,1,Male,Research Scientist,1,Married,2819,8544,2,No,16,3,1,5,3,4,3,2,0,18-25,Upto 5k
RM615,26,Yes,Travel_Frequently,Research & Development,5,Medical,3,Female,Research Scientist,3,Married,2366,20898,1,Yes,14,3,1,8,2,3,8,7,1,26-35,Upto 5k
RM1108,38,No,Travel_Frequently,Human Resources,10,Human Resources,3,Male,Human Resources,3,Married,6077,14814,3,No,11,3,3,10,2,3,6,3,1,36-45,5k-10k
RM295,37,No,Travel_Frequently,Research & Development,9,Medical,2,Male,Research Scientist,4,Married,2326,11411,1,Yes,12,3,3,4,3,2,4,2,1,36-45,Upto 5k
RM628,52,No,Travel_Frequently,Research & Development,25,Medical,3,Female,Manufacturing Director,4,Married,13826,19028,3,No,22,4,3,31,3,3,9,8,0,46-55,10k-15k
RM038,35,No,Travel_Rarely,Sales,2,Marketing,4,Female,Sales Representative,4,Married,2014,9687,1,No,13,3,1,2,3,3,2,2,2,26-35,Upto 5k
RM599,28,Yes,Travel_Rarely,Research & Development,2,Medical,3,Male,Research Scientist,3,Single,4382,16374,6,No,17,3,4,5,3,2,2,2,2,26-35,Upto 5k
RM398,25,No,Travel_Rarely,Sales,4,Life Sciences,2,Female,Sales Executive,4,Single,4487,12090,1,Yes,11,3,2,5,3,3,5,4,1,18-25,Upto 5k
RM1183,36,No,Non_Travel,Research & Development,1,Medical,4,Female,Manufacturing Director,3,Married,4374,15411,0,No,15,3,3,4,6,3,3,2,1,36-45,Upto 5k
RM192,27,No,Travel_Rarely,Research & Development,9,Medical,4,Female,Research Scientist,2,Single,2279,11781,1,No,16,3,4,7,2,2,7,7,0,26-35,Upto 5k
RM034,39,Yes,Travel_Rarely,Sales,5,Technical Degree,4,Male,Sales Representative,4,Married,2086,3335,3,No,14,3,3,19,6,4,1,0,0,36-45,Upto 5k
RM794,28,No,Travel_Rarely,Research & Development,15,Life Sciences,1,Male,Laboratory Technician,3,Divorced,2207,22482,1,No,16,3,4,4,5,2,4,2,2,26-35,Upto 5k
RM363,21,No,Non_Travel,Sales,9,Medical,1,Male,Sales Representative,4,Single,2610,2851,1,No,24,4,3,3,3,2,3,2,2,18-25,Upto 5k
RM216,41,No,Travel_Rarely,Sales,6,Life Sciences,4,Female,Manager,4,Single,13591,14674,3,Yes,18,3,3,16,3,3,1,0,0,36-45,10k-15k
RM1046,40,No,Travel_Rarely,Research & Development,2,Medical,3,Male,Research Scientist,3,Divorced,2345,8045,2,No,14,3,3,8,3,4,3,1,1,36-45,Upto 5k
RM230,29,Yes,Travel_Rarely,Research & Development,18,Medical,3,Male,Research Scientist,4,Single,2389,14961,1,Yes,13,3,3,4,3,2,4,3,0,26-35,Upto 5k
RM1246,24,No,Travel_Frequently,Human Resources,10,Medical,1,Male,Human Resources,4,Married,2145,2097,0,No,14,3,4,3,2,3,2,2,2,18-25,Upto 5k
RM1097,40,No,Travel_Rarely,Human Resources,6,Medical,3,Male,Manager,4,Single,16437,17381,1,Yes,21,4,4,21,2,3,21,7,7,36-45,15k+
RM846,40,No,Travel_Frequently,Research & Development,26,Medical,3,Female,Research Scientist,4,Married,4422,21203,3,Yes,13,3,4,16,3,1,1,1,0,36-45,Upto 5k
RM706,39,No,Travel_Rarely,Sales,2,Life Sciences,1,Male,Sales Executive,3,Single,7880,2560,0,No,18,3,4,9,3,3,8,7,0,36-45,5k-10k
RM1113,38,Yes,Travel_Rarely,Research & Development,2,Medical,3,Male,Manufacturing Director,2,Married,4855,7653,4,No,11,3,1,7,2,3,5,2,1,36-45,Upto 5k
RM204,40,No,Travel_Rarely,Research & Development,19,Medical,3,Male,Laboratory Technician,4,Married,2741,16523,8,Yes,15,3,3,15,2,4,7,2,3,36-45,Upto 5k
RM402,56,No,Travel_Frequently,Sales,6,Life Sciences,3,Female,Sales Executive,1,Married,13212,18256,9,No,11,3,4,36,0,2,7,7,7,55+,10k-15k
RM865,41,Yes,Non_Travel,Research & Development,5,Life Sciences,1,Male,Research Scientist,1,Divorced,2107,20293,6,No,17,3,1,5,2,1,1,0,0,36-45,Upto 5k
RM307,32,No,Travel_Rarely,Sales,7,Life Sciences,4,Male,Sales Executive,3,Married,5484,16985,1,No,14,3,3,13,3,2,13,8,4,26-35,5k-10k
RM712,29,Yes,Travel_Rarely,Research & Development,10,Life Sciences,4,Female,Research Scientist,1,Single,2404,11479,6,Yes,20,4,3,3,5,3,0,0,0,26-35,Upto 5k
RM1413,30,No,Travel_Rarely,Research & Development,1,Medical,4,Male,Laboratory Technician,2,Married,3748,4077,1,No,13,3,3,12,6,2,12,8,1,26-35,Upto 5k
RM512,36,No,Travel_Rarely,Research & Development,9,Medical,2,Male,Manufacturing Director,2,Divorced,8847,13934,2,Yes,11,3,3,13,2,3,3,2,0,36-45,5k-10k
RM254,42,No,Travel_Rarely,Research & Development,17,Life Sciences,4,Female,Research Scientist,1,Single,6545,23016,3,Yes,13,3,3,10,1,3,3,2,0,36-45,5k-10k
RM874,36,No,Travel_Rarely,Research & Development,6,Life Sciences,3,Male,Laboratory Technician,3,Divorced,2741,6865,1,No,14,3,3,7,4,3,7,7,1,36-45,Upto 5k
RM1219,41,No,Travel_Rarely,Sales,6,Marketing,4,Male,Sales Executive,3,Single,9241,15869,1,No,12,3,2,10,3,3,10,8,8,36-45,5k-10k
RM287,44,Yes,Travel_Frequently,Research & Development,24,Life Sciences,4,Male,Laboratory Technician,3,Divorced,3161,19920,3,Yes,22,4,4,19,0,1,1,0,0,36-45,Upto 5k
RM899,43,No,Travel_Rarely,Research & Development,3,Life Sciences,3,Male,Research Director,4,Married,19740,18625,3,No,14,3,2,25,2,3,8,7,0,36-45,15k+
RM1298,26,Yes,Travel_Rarely,Human Resources,20,Medical,4,Female,Human Resources,2,Married,2148,6889,0,Yes,11,3,3,6,3,3,5,1,1,26-35,Upto 5k
RM1215,44,No,Travel_Rarely,Research & Development,2,Life Sciences,3,Female,Healthcare Representative,4,Married,7879,14810,1,Yes,19,3,2,9,2,3,8,7,6,36-45,5k-10k
RM365,37,No,Travel_Rarely,Research & Development,10,Medical,3,Female,Laboratory Technician,1,Married,3452,17663,6,No,20,4,2,17,3,3,5,4,0,36-45,Upto 5k
RM582,30,No,Travel_Rarely,Research & Development,1,Life Sciences,4,Male,Laboratory Technician,3,Married,3833,24375,3,No,21,4,3,7,2,3,2,2,0,26-35,Upto 5k
RM770,26,No,Travel_Frequently,Research & Development,1,Medical,1,Female,Research Scientist,3,Divorced,2007,25265,1,No,13,3,3,5,5,3,5,3,1,26-35,Upto 5k
RM119,36,No,Travel_Rarely,Research & Development,3,Life Sciences,1,Female,Laboratory Technician,4,Divorced,2835,2561,5,No,22,4,1,7,2,3,1,0,0,36-45,Upto 5k
RM456,33,No,Travel_Rarely,Research & Development,1,Medical,1,Female,Research Director,3,Divorced,16184,22578,4,No,19,3,3,10,2,3,6,1,0,26-35,15k+
RM031,33,No,Travel_Rarely,Research & Development,2,Medical,3,Male,Laboratory Technician,4,Single,2496,6670,4,No,11,3,4,7,3,3,1,1,0,26-35,Upto 5k
RM198,42,No,Non_Travel,Research & Development,21,Medical,3,Female,Manufacturing Director,3,Divorced,5265,16439,2,No,16,3,2,11,5,3,5,3,0,36-45,5k-10k
RM333,54,No,Travel_Frequently,Research & Development,20,Life Sciences,4,Female,Research Scientist,3,Single,4869,16885,3,No,12,3,4,20,4,2,4,3,0,46-55,Upto 5k
RM622,36,No,Travel_Rarely,Sales,1,Life Sciences,2,Male,Sales Executive,4,Married,6201,2823,1,Yes,14,3,4,18,1,2,18,14,4,36-45,5k-10k
RM528,32,No,Travel_Rarely,Sales,10,Marketing,4,Male,Sales Executive,4,Single,5396,21703,1,No,12,3,4,10,2,2,10,7,0,26-35,5k-10k
RM626,45,No,Travel_Rarely,Sales,9,Marketing,4,Male,Sales Executive,1,Divorced,10761,19239,4,Yes,12,3,3,18,2,3,5,4,0,36-45,10k-15k
RM996,43,No,Travel_Rarely,Research & Development,6,Medical,1,Female,Research Scientist,3,Single,4081,20003,1,Yes,14,3,1,20,3,1,20,7,1,36-45,Upto 5k
RM1449,41,No,Travel_Rarely,Sales,3,Life Sciences,3,Male,Sales Executive,2,Divorced,8938,12227,2,No,11,3,3,14,5,3,5,4,0,36-45,5k-10k
RM186,33,No,Travel_Rarely,Research & Development,14,Medical,4,Female,Research Scientist,2,Married,2756,4673,1,No,13,3,4,8,5,3,8,7,1,26-35,Upto 5k
RM598,42,No,Travel_Rarely,Research & Development,1,Life Sciences,4,Female,Manufacturing Director,4,Married,6062,4051,9,Yes,13,3,4,8,4,3,4,3,0,36-45,5k-10k
RM548,42,Yes,Travel_Frequently,Research & Development,19,Medical,3,Male,Research Scientist,3,Divorced,2759,20366,6,Yes,12,3,4,7,2,3,2,2,2,36-45,Upto 5k
RM605,42,No,Travel_Rarely,Research & Development,29,Life Sciences,2,Male,Manufacturing Director,2,Married,4434,11806,1,No,13,3,4,10,3,2,9,8,7,36-45,Upto 5k
RM149,41,No,Travel_Rarely,Research & Development,9,Life Sciences,3,Male,Laboratory Technician,1,Married,2238,6961,2,No,21,4,4,7,2,3,5,0,1,36-45,Upto 5k
RM356,26,No,Travel_Rarely,Sales,1,Life Sciences,3,Male,Sales Executive,3,Married,5296,20156,1,No,17,3,2,8,3,3,8,7,7,26-35,5k-10k
RM954,44,Yes,Travel_Rarely,Research & Development,3,Life Sciences,1,Male,Laboratory Technician,1,Married,2362,14669,4,No,12,3,3,10,4,4,3,2,1,36-45,Upto 5k
RM1385,34,No,Travel_Rarely,Sales,1,Marketing,1,Male,Sales Executive,4,Single,9888,6770,1,No,21,4,1,14,3,2,14,8,2,26-35,5k-10k
RM688,36,No,Travel_Rarely,Research & Development,2,Medical,3,Male,Laboratory Technician,3,Single,2519,12287,4,No,21,4,3,16,6,3,11,8,3,36-45,Upto 5k
RM722,50,No,Travel_Rarely,Research & Development,24,Life Sciences,4,Male,Manufacturing Director,3,Married,13973,4161,3,Yes,18,3,4,22,2,3,12,11,1,46-55,10k-15k
RM1276,51,No,Travel_Rarely,Research & Development,3,Technical Degree,1,Female,Manager,3,Married,13116,22984,2,No,11,3,4,15,2,3,2,2,2,46-55,10k-15k
RM860,29,No,Travel_Rarely,Research & Development,15,Life Sciences,2,Female,Research Scientist,4,Married,2168,26933,0,Yes,18,3,1,6,2,2,5,4,1,26-35,Upto 5k
RM959,34,No,Travel_Rarely,Research & Development,9,Life Sciences,4,Male,Healthcare Representative,4,Divorced,8500,5494,0,No,11,3,4,10,0,2,9,7,1,26-35,5k-10k
RM229,35,No,Travel_Frequently,Sales,1,Marketing,3,Female,Sales Executive,3,Single,8789,9096,1,No,14,3,1,10,3,4,10,7,0,26-35,5k-10k
RM080,46,No,Travel_Rarely,Human Resources,5,Medical,2,Male,Human Resources,2,Divorced,5021,10425,8,Yes,22,4,4,16,2,3,4,2,0,46-55,5k-10k
RM754,39,No,Travel_Frequently,Research & Development,22,Medical,4,Female,Manufacturing Director,1,Single,10880,5083,1,Yes,13,3,3,21,2,3,21,6,2,36-45,10k-15k
RM1339,30,Yes,Travel_Rarely,Sales,9,Medical,2,Male,Sales Representative,4,Single,1081,16019,1,No,13,3,3,1,3,2,1,0,0,26-35,Upto 5k
RM603,30,No,Travel_Rarely,Research & Development,2,Medical,3,Female,Manufacturing Director,4,Single,6877,20234,5,Yes,24,4,2,12,4,2,0,0,0,26-35,5k-10k
RM1004,25,No,Travel_Rarely,Research & Development,1,Technical Degree,1,Male,Laboratory Technician,4,Married,3229,4910,4,No,11,3,2,7,2,2,3,2,0,18-25,Upto 5k
RM1093,45,No,Travel_Rarely,Research & Development,28,Technical Degree,4,Male,Research Scientist,4,Married,2132,4585,4,No,20,4,4,8,3,3,5,4,0,36-45,Upto 5k
RM612,35,No,Travel_Rarely,Research & Development,7,Other,3,Male,Manufacturing Director,3,Single,10221,18869,3,No,21,4,2,17,3,4,8,5,1,26-35,10k-15k
RM810,28,No,Travel_Rarely,Research & Development,3,Medical,4,Female,Manufacturing Director,2,Divorced,7655,8039,0,No,17,3,2,10,3,2,9,7,1,26-35,5k-10k
RM294,26,Yes,Travel_Rarely,Sales,4,Marketing,4,Male,Sales Executive,4,Single,5828,8450,1,Yes,12,3,2,8,0,3,8,7,7,26-35,5k-10k
RM1261,32,No,Non_Travel,Research & Development,5,Technical Degree,2,Male,Research Scientist,2,Single,2718,17674,2,No,14,3,2,12,3,3,7,7,0,26-35,Upto 5k
RM565,45,No,Travel_Rarely,Sales,2,Technical Degree,2,Male,Sales Representative,3,Single,6632,12388,0,No,13,3,1,9,3,3,8,7,3,36-45,5k-10k
RM1394,27,No,Travel_Rarely,Sales,9,Marketing,4,Male,Sales Executive,4,Single,4105,5099,1,No,14,3,1,7,5,3,7,7,0,26-35,Upto 5k
RM720,47,No,Travel_Rarely,Sales,4,Life Sciences,4,Female,Sales Executive,4,Single,4163,8571,1,Yes,17,3,3,9,0,3,9,0,0,46-55,Upto 5k
RM469,52,No,Travel_Rarely,Research & Development,6,Technical Degree,4,Male,Research Scientist,1,Married,5577,22087,3,Yes,12,3,2,18,3,3,10,9,6,46-55,5k-10k
RM131,43,No,Travel_Frequently,Research & Development,28,Medical,2,Female,Research Scientist,3,Single,4739,16090,4,No,12,3,4,18,2,3,3,2,1,36-45,Upto 5k
RM802,50,Yes,Travel_Frequently,Sales,1,Other,4,Male,Sales Executive,3,Single,4728,17251,3,Yes,14,3,4,5,4,3,0,0,0,46-55,Upto 5k
RM139,25,No,Travel_Rarely,Sales,28,Life Sciences,1,Male,Sales Executive,3,Married,8639,24835,2,No,18,3,4,6,3,3,2,2,2,18-25,5k-10k
RM488,20,No,Travel_Rarely,Research & Development,1,Life Sciences,4,Female,Research Scientist,2,Single,2836,11757,1,No,13,3,4,1,0,4,1,0,0,18-25,Upto 5k
RM1238,32,Yes,Travel_Rarely,Sales,1,Life Sciences,1,Male,Sales Executive,2,Single,6735,12147,6,No,15,3,2,10,2,3,0,0,0,26-35,5k-10k
RM891,54,No,Travel_Frequently,Research & Development,1,Life Sciences,4,Female,Manufacturing Director,3,Married,10502,9659,7,No,17,3,1,33,2,1,5,4,1,46-55,10k-15k
RM155,32,No,Travel_Frequently,Sales,8,Marketing,2,Female,Sales Executive,4,Single,8998,15589,1,No,14,3,4,9,2,3,9,8,3,26-35,5k-10k
RM1354,34,Yes,Non_Travel,Research & Development,16,Technical Degree,4,Male,Research Scientist,1,Married,2307,14460,1,Yes,23,4,2,5,2,3,5,2,3,26-35,Upto 5k
RM931,51,No,Travel_Frequently,Research & Development,6,Medical,2,Female,Laboratory Technician,3,Single,2838,4257,0,No,14,3,2,8,6,2,7,0,7,46-55,Upto 5k
RM902,48,No,Travel_Rarely,Research & Development,2,Technical Degree,4,Male,Laboratory Technician,2,Single,2559,16620,5,No,11,3,3,7,4,2,1,0,0,46-55,Upto 5k
RM535,53,No,Travel_Rarely,Research & Development,7,Life Sciences,3,Male,Research Director,3,Married,14814,13514,3,No,19,3,3,32,3,3,5,1,1,46-55,10k-15k
RM803,33,No,Travel_Frequently,Sales,7,Life Sciences,4,Female,Sales Executive,2,Married,4302,13401,0,No,17,3,3,4,3,3,3,2,0,26-35,Upto 5k
RM550,34,No,Travel_Rarely,Research & Development,8,Medical,2,Female,Healthcare Representative,3,Single,6142,7360,3,No,11,3,4,10,2,3,5,1,4,26-35,5k-10k
RM1009,54,No,Travel_Rarely,Research & Development,1,Medical,4,Female,Research Director,4,Single,17328,5652,6,No,19,3,4,29,3,2,20,7,12,46-55,15k+
RM1085,34,No,Travel_Rarely,Sales,1,Technical Degree,4,Male,Sales Executive,3,Married,7083,12288,1,Yes,14,3,4,10,3,3,10,9,8,26-35,5k-10k
RM714,45,No,Travel_Rarely,Research & Development,1,Medical,4,Female,Laboratory Technician,4,Divorced,2270,11005,3,No,14,3,4,8,2,3,5,3,0,36-45,Upto 5k
RM555,27,No,Travel_Rarely,Research & Development,7,Medical,4,Female,Healthcare Representative,1,Single,6811,23398,8,No,19,3,1,9,2,1,7,6,0,26-35,5k-10k
RM242,32,No,Non_Travel,Sales,26,Marketing,3,Male,Sales Executive,4,Married,4465,12069,0,No,18,3,1,4,2,3,3,2,2,26-35,Upto 5k
RM1383,31,No,Non_Travel,Research & Development,3,Medical,3,Male,Research Scientist,1,Divorced,3065,3995,1,Yes,13,3,4,4,3,4,4,2,2,26-35,Upto 5k
RM856,37,No,Travel_Rarely,Research & Development,1,Life Sciences,4,Female,Manufacturing Director,4,Married,6474,9961,1,No,13,3,2,14,2,2,14,8,3,36-45,5k-10k
RM1191,32,No,Travel_Rarely,Research & Development,2,Medical,4,Male,Research Scientist,2,Divorced,5470,25518,0,No,13,3,3,10,4,2,9,5,1,26-35,5k-10k
RM1414,25,No,Travel_Rarely,Research & Development,2,Other,4,Male,Laboratory Technician,3,Divorced,3977,7298,6,Yes,19,3,3,7,2,2,2,2,0,18-25,Upto 5k
RM1128,23,No,Travel_Rarely,Research & Development,10,Technical Degree,4,Male,Research Scientist,3,Married,2073,12826,2,No,16,3,4,4,2,3,2,2,2,18-25,Upto 5k
RM225,31,No,Non_Travel,Research & Development,1,Medical,3,Male,Manufacturing Director,3,Married,4345,4381,0,No,12,3,4,6,2,3,5,4,1,26-35,Upto 5k
RM1252,30,No,Travel_Rarely,Sales,15,Marketing,3,Male,Sales Executive,1,Divorced,7140,3088,2,No,11,3,1,12,2,3,7,7,1,26-35,5k-10k
RM1043,44,No,Non_Travel,Research & Development,5,Life Sciences,3,Male,Laboratory Technician,3,Single,3162,7973,3,No,14,3,4,7,5,3,5,2,0,36-45,Upto 5k
RM391,43,No,Travel_Rarely,Research & Development,12,Life Sciences,1,Male,Research Director,2,Divorced,14336,4345,1,No,11,3,3,25,3,3,25,10,3,36-45,10k-15k
RM841,35,No,Travel_Rarely,Research & Development,1,Medical,4,Male,Laboratory Technician,3,Married,2258,16340,6,No,12,3,2,10,2,3,8,0,1,26-35,Upto 5k
RM429,47,No,Travel_Rarely,Research & Development,2,Medical,1,Female,Manufacturing Director,4,Married,5070,7389,5,No,13,3,3,20,2,3,5,0,0,46-55,5k-10k
RM872,24,Yes,Travel_Rarely,Research & Development,17,Life Sciences,4,Female,Laboratory Technician,2,Married,2210,3372,1,No,13,3,1,1,3,1,1,0,0,18-25,Upto 5k
RM816,21,No,Travel_Rarely,Research & Development,1,Technical Degree,4,Female,Research Scientist,2,Single,2070,25326,1,Yes,11,3,3,2,6,4,2,2,2,18-25,Upto 5k
RM632,44,No,Travel_Rarely,Research & Development,8,Life Sciences,1,Male,Laboratory Technician,4,Married,2818,5044,2,Yes,24,4,3,10,2,2,3,2,0,36-45,Upto 5k
RM421,29,No,Travel_Rarely,Research & Development,3,Medical,2,Male,Research Director,3,Married,11935,21526,1,No,18,3,3,10,2,3,10,2,0,26-35,10k-15k
RM441,34,Yes,Travel_Frequently,Human Resources,23,Human Resources,2,Female,Human Resources,1,Divorced,9950,11533,9,Yes,15,3,3,11,2,3,3,2,0,26-35,5k-10k
RM063,50,No,Travel_Rarely,Research & Development,7,Medical,2,Female,Research Director,3,Married,18740,16701,5,Yes,12,3,4,29,2,2,27,3,13,46-55,15k+
RM187,40,No,Travel_Rarely,Research & Development,4,Medical,4,Female,Manager,3,Married,19033,6499,1,No,14,3,2,21,2,3,20,8,9,36-45,15k+
RM1134,43,No,Travel_Rarely,Research & Development,27,Technical Degree,4,Male,Laboratory Technician,2,Divorced,4876,5855,5,No,12,3,3,8,0,3,6,4,0,36-45,Upto 5k
RM1053,30,No,Non_Travel,Research & Development,7,Technical Degree,3,Male,Research Scientist,3,Divorced,1274,7152,1,No,13,3,2,1,2,2,1,0,0,26-35,Upto 5k
RM944,46,No,Travel_Rarely,Human Resources,1,Life Sciences,4,Female,Human Resources,1,Single,3423,22957,6,No,12,3,3,10,3,4,7,6,5,46-55,Upto 5k
RM1189,29,No,Travel_Rarely,Sales,5,Medical,1,Male,Sales Executive,2,Divorced,4187,3356,1,Yes,13,3,2,10,3,2,10,0,0,26-35,Upto 5k
RM506,26,No,Travel_Rarely,Research & Development,6,Life Sciences,3,Female,Laboratory Technician,4,Married,2659,17759,1,Yes,13,3,3,3,2,3,3,2,0,26-35,Upto 5k
RM1109,35,No,Travel_Rarely,Research & Development,1,Medical,4,Male,Laboratory Technician,1,Single,2450,21731,1,No,19,3,2,3,3,3,3,0,1,26-35,Upto 5k
RM218,29,Yes,Travel_Rarely,Research & Development,1,Technical Degree,3,Male,Research Scientist,3,Single,2058,19757,0,No,14,3,4,7,1,2,6,2,1,26-35,Upto 5k
RM807,52,No,Travel_Rarely,Research & Development,7,Life Sciences,2,Male,Healthcare Representative,2,Single,10445,15322,7,No,19,3,4,18,4,3,8,6,4,46-55,10k-15k
RM044,27,No,Travel_Frequently,Sales,8,Life Sciences,4,Male,Sales Executive,3,Single,8726,2975,1,No,15,3,4,9,0,3,9,8,1,26-35,5k-10k
RM1126,29,No,Travel_Frequently,Research & Development,2,Life Sciences,1,Male,Healthcare Representative,4,Divorced,8853,24483,1,No,19,3,4,6,0,4,6,4,1,26-35,5k-10k
RM669,28,No,Travel_Rarely,Research & Development,9,Medical,3,Female,Research Scientist,3,Divorced,2377,9834,5,No,18,3,2,6,2,3,2,2,2,26-35,Upto 5k
RM275,21,No,Travel_Rarely,Research & Development,3,Medical,4,Male,Research Scientist,3,Single,3230,10531,1,No,17,3,1,3,4,4,3,2,1,18-25,Upto 5k
RM978,34,No,Non_Travel,Research & Development,26,Technical Degree,1,Female,Research Scientist,3,Divorced,2029,15891,1,No,20,4,3,5,2,3,5,4,0,26-35,Upto 5k
RM1304,47,No,Travel_Rarely,Research & Development,4,Life Sciences,3,Female,Manufacturing Director,2,Married,10333,19271,8,Yes,12,3,3,28,4,3,22,11,14,46-55,10k-15k
RM334,43,No,Travel_Rarely,Research & Development,7,Life Sciences,3,Female,Healthcare Representative,1,Married,9985,9262,8,No,16,3,1,10,1,2,1,0,0,36-45,5k-10k
RM492,43,No,Travel_Frequently,Research & Development,9,Medical,4,Male,Laboratory Technician,3,Divorced,5679,19627,3,Yes,13,3,2,10,3,3,8,7,4,36-45,5k-10k
RM202,49,No,Non_Travel,Research & Development,18,Life Sciences,4,Male,Manufacturing Director,4,Married,6804,23793,1,Yes,15,3,1,7,0,3,7,7,1,46-55,5k-10k
RM779,46,No,Travel_Rarely,Research & Development,8,Life Sciences,4,Female,Research Scientist,1,Divorced,4615,21029,8,Yes,23,4,1,19,2,3,16,13,1,46-55,Upto 5k
RM823,34,No,Travel_Frequently,Research & Development,2,Life Sciences,4,Male,Manufacturing Director,3,Single,4033,15834,2,No,11,3,4,5,3,2,3,2,0,26-35,Upto 5k
RM1248,31,No,Travel_Rarely,Sales,5,Technical Degree,1,Male,Sales Executive,3,Married,8346,20943,1,No,19,3,3,6,3,3,5,2,0,26-35,5k-10k
RM1226,45,No,Travel_Rarely,Research & Development,28,Technical Degree,4,Female,Research Director,2,Single,16704,17119,1,No,11,3,3,21,2,3,21,6,8,36-45,15k+
RM006,32,No,Travel_Frequently,Research & Development,2,Life Sciences,4,Male,Laboratory Technician,4,Single,3068,11864,0,No,13,3,3,8,2,2,7,7,3,26-35,Upto 5k
RM215,30,Yes,Travel_Rarely,Research & Development,3,Technical Degree,4,Female,Research Scientist,1,Single,2657,8556,5,Yes,11,3,3,8,5,3,5,2,0,26-35,Upto 5k
RM430,46,No,Travel_Rarely,Research & Development,2,Life Sciences,1,Male,Research Director,3,Married,17861,2288,6,No,13,3,3,26,2,1,3,2,0,46-55,15k+
RM964,38,No,Travel_Rarely,Sales,2,Life Sciences,2,Female,Sales Executive,1,Divorced,6893,19461,3,No,15,3,4,11,3,3,7,7,1,36-45,5k-10k
RM801,28,Yes,Travel_Frequently,Research & Development,1,Medical,1,Male,Laboratory Technician,2,Divorced,2596,7160,1,No,15,3,1,1,2,3,1,0,0,26-35,Upto 5k
RM894,29,No,Travel_Rarely,Research & Development,1,Life Sciences,1,Female,Research Scientist,4,Divorced,3760,5598,1,No,15,3,1,3,5,3,3,2,1,26-35,Upto 5k
RM624,30,No,Travel_Frequently,Research & Development,5,Life Sciences,2,Male,Research Scientist,4,Divorced,3761,2373,9,No,12,3,2,10,3,2,5,4,0,26-35,Upto 5k
RM1143,45,No,Travel_Rarely,Research & Development,5,Medical,3,Female,Laboratory Technician,1,Single,5769,23447,1,Yes,14,3,1,10,3,3,10,7,1,36-45,5k-10k
RM249,37,No,Travel_Rarely,Research & Development,1,Medical,3,Female,Research Scientist,1,Married,3920,18697,2,No,14,3,1,17,2,2,3,1,0,36-45,Upto 5k
RM509,35,No,Travel_Rarely,Research & Development,6,Life Sciences,2,Male,Research Scientist,4,Single,6646,19368,1,No,13,3,2,17,3,3,17,11,11,26-35,5k-10k
RM799,33,Yes,Travel_Rarely,Research & Development,25,Medical,1,Male,Research Scientist,2,Single,2313,2993,4,Yes,20,4,2,5,0,3,2,2,2,26-35,Upto 5k
RM961,41,No,Travel_Frequently,Sales,1,Marketing,3,Female,Sales Executive,1,Divorced,4103,4297,0,No,17,3,4,10,2,3,9,3,1,36-45,Upto 5k
RM323,32,No,Travel_Rarely,Research & Development,2,Medical,1,Female,Research Scientist,4,Single,5055,10557,7,No,16,3,3,10,0,2,7,7,0,26-35,5k-10k
RM532,32,No,Travel_Rarely,Research & Development,3,Life Sciences,3,Female,Research Director,4,Single,11159,19373,3,No,15,3,4,10,6,3,7,7,7,26-35,10k-15k
RM1469,49,No,Travel_Frequently,Sales,2,Medical,4,Male,Sales Executive,2,Married,5390,13243,2,No,14,3,4,17,3,2,9,6,0,46-55,5k-10k
RM1082,35,No,Travel_Rarely,Research & Development,16,Life Sciences,4,Female,Healthcare Representative,2,Single,8606,21195,1,No,19,3,4,11,3,1,11,8,3,26-35,5k-10k
RM948,52,Yes,Travel_Rarely,Sales,5,Life Sciences,2,Male,Sales Executive,2,Single,8446,21534,9,Yes,19,3,3,10,2,2,8,7,7,46-55,5k-10k
RM115,34,No,Travel_Rarely,Research & Development,6,Life Sciences,3,Female,Research Scientist,2,Divorced,4505,15000,6,No,15,3,3,12,3,3,1,0,0,26-35,Upto 5k
RM141,32,Yes,Travel_Rarely,Research & Development,9,Medical,1,Female,Laboratory Technician,1,Single,4200,10224,7,No,22,4,1,10,2,4,5,4,0,26-35,Upto 5k
RM466,46,No,Travel_Frequently,Research & Development,18,Medical,1,Female,Healthcare Representative,3,Married,10527,8984,5,No,11,3,4,28,3,2,2,2,1,46-55,10k-15k
RM236,43,No,Travel_Rarely,Sales,16,Marketing,4,Female,Manager,4,Married,16064,7744,5,Yes,22,4,3,22,3,3,17,13,1,36-45,15k+
RM748,38,No,Travel_Rarely,Sales,3,Life Sciences,2,Male,Sales Executive,4,Single,6861,4981,8,Yes,12,3,3,19,1,3,1,0,0,36-45,5k-10k
RM1436,44,No,Travel_Rarely,Research & Development,1,Medical,2,Male,Research Scientist,4,Single,2436,13422,6,Yes,12,3,3,6,2,3,4,3,1,36-45,Upto 5k
RM1035,45,No,Travel_Rarely,Research & Development,20,Medical,2,Male,Healthcare Representative,1,Divorced,10851,19863,2,Yes,18,3,2,24,2,3,7,7,0,36-45,10k-15k
RM755,33,No,Non_Travel,Sales,8,Life Sciences,2,Female,Sales Representative,4,Single,2342,21437,0,No,19,3,4,3,2,2,2,2,2,26-35,Upto 5k
RM105,37,No,Non_Travel,Research & Development,2,Life Sciences,3,Male,Healthcare Representative,4,Divorced,5163,15850,5,No,14,3,4,17,2,4,1,0,0,36-45,5k-10k
RM1184,36,No,Travel_Rarely,Research & Development,3,Life Sciences,4,Male,Healthcare Representative,1,Divorced,6842,26308,6,No,20,4,1,13,3,3,5,4,0,36-45,5k-10k
RM600,36,No,Travel_Rarely,Human Resources,13,Human Resources,3,Male,Human Resources,2,Married,2143,25527,4,No,13,3,2,8,2,3,5,2,0,36-45,Upto 5k
RM211,32,Yes,Travel_Rarely,Sales,4,Medical,4,Male,Sales Executive,4,Married,10400,25812,1,No,11,3,3,14,2,2,14,8,9,26-35,10k-15k
RM368,50,No,Travel_Rarely,Research & Development,10,Technical Degree,4,Male,Healthcare Representative,4,Single,10496,2755,6,No,15,3,4,20,2,3,4,3,1,46-55,10k-15k
RM1077,54,No,Travel_Frequently,Research & Development,11,Medical,2,Female,Manager,4,Married,16032,24456,3,No,20,4,1,26,2,3,14,9,1,46-55,15k+
RM806,45,No,Non_Travel,Sales,9,Life Sciences,2,Female,Sales Executive,3,Married,5593,17970,1,No,13,3,4,15,2,3,15,10,4,36-45,5k-10k
RM219,45,No,Non_Travel,Sales,6,Medical,4,Female,Sales Executive,4,Single,8865,16840,6,No,12,3,4,23,2,3,19,7,12,36-45,5k-10k
RM700,52,No,Travel_Rarely,Research & Development,1,Life Sciences,4,Male,Manager,4,Married,17099,13829,2,No,15,3,2,26,2,2,9,8,7,46-55,15k+
RM1249,27,No,Travel_Rarely,Research & Development,8,Medical,3,Female,Research Scientist,4,Single,3445,6152,1,No,11,3,3,6,5,2,6,2,1,26-35,Upto 5k
RM1010,58,No,Travel_Rarely,Research & Development,1,Medical,4,Female,Research Director,1,Married,19701,22456,3,Yes,21,4,3,32,3,3,9,8,1,55+,15k+
RM740,27,No,Travel_Rarely,Research & Development,2,Life Sciences,1,Female,Manufacturing Director,4,Married,4227,4658,0,No,18,3,2,4,2,3,3,2,2,26-35,Upto 5k
RM1130,42,No,Travel_Rarely,Research & Development,9,Other,4,Male,Manager,4,Single,19613,26362,8,No,22,4,4,24,2,3,1,0,0,36-45,15k+
RM953,31,Yes,Travel_Frequently,Sales,1,Life Sciences,4,Female,Sales Representative,2,Single,2302,8319,1,Yes,11,3,1,3,2,4,3,2,2,26-35,Upto 5k
RM352,32,No,Travel_Rarely,Research & Development,2,Medical,3,Female,Laboratory Technician,2,Married,2370,3956,1,No,13,3,3,8,4,3,8,0,0,26-35,Upto 5k
RM897,31,No,Travel_Rarely,Research & Development,24,Medical,3,Female,Healthcare Representative,1,Single,6812,17198,1,No,19,3,2,10,2,3,10,9,1,26-35,5k-10k
RM399,37,No,Non_Travel,Research & Development,25,Medical,2,Female,Research Scientist,3,Married,4449,23866,3,Yes,15,3,1,15,2,3,13,11,10,36-45,Upto 5k
RM1378,49,No,Travel_Frequently,Research & Development,2,Life Sciences,2,Male,Research Director,4,Married,19161,13738,3,No,15,3,4,28,3,3,5,4,4,46-55,15k+
RM047,34,No,Non_Travel,Sales,23,Marketing,2,Male,Sales Executive,3,Single,4568,10034,0,No,20,4,3,10,2,3,9,5,8,26-35,Upto 5k
RM734,26,No,Travel_Rarely,Research & Development,2,Medical,4,Male,Manufacturing Director,4,Married,5472,3334,1,No,12,3,2,8,2,3,8,7,1,26-35,5k-10k
RM189,34,No,Travel_Frequently,Research & Development,2,Life Sciences,4,Male,Manufacturing Director,3,Married,9547,14074,1,No,17,3,3,10,2,2,10,9,1,26-35,5k-10k
RM695,33,No,Travel_Rarely,Research & Development,1,Life Sciences,2,Female,Healthcare Representative,4,Single,6949,12291,0,No,14,3,1,6,3,3,5,0,1,26-35,5k-10k
RM281,53,No,Travel_Rarely,Research & Development,3,Medical,3,Male,Research Director,3,Married,17584,21016,3,Yes,16,3,4,21,5,2,5,3,1,46-55,15k+
RM656,33,No,Travel_Rarely,Human Resources,3,Human Resources,4,Male,Human Resources,2,Divorced,2277,22650,3,Yes,11,3,3,7,4,4,4,3,0,26-35,Upto 5k
RM515,33,Yes,Travel_Frequently,Research & Development,3,Life Sciences,1,Male,Research Scientist,1,Single,3348,3164,1,Yes,11,3,1,10,3,3,10,8,9,26-35,Upto 5k
RM1258,31,Yes,Travel_Rarely,Sales,16,Marketing,1,Male,Sales Executive,3,Married,8161,19002,2,No,13,3,1,10,2,3,1,0,0,26-35,5k-10k
RM1359,31,No,Travel_Rarely,Sales,10,Medical,3,Female,Sales Executive,4,Divorced,6583,20115,2,Yes,11,3,4,8,2,3,5,2,1,26-35,5k-10k
RM772,54,No,Travel_Rarely,Sales,2,Life Sciences,3,Female,Sales Executive,3,Married,10686,8392,6,No,11,3,2,13,4,3,9,4,7,46-55,10k-15k
RM813,43,No,Travel_Frequently,Research & Development,27,Life Sciences,3,Female,Manufacturing Director,1,Married,10820,11535,8,No,11,3,3,18,1,3,8,7,0,36-45,10k-15k
RM073,31,No,Travel_Rarely,Research & Development,1,Medical,3,Male,Research Scientist,2,Single,2501,18775,1,No,17,3,2,1,4,3,1,1,1,26-35,Upto 5k
RM403,30,No,Travel_Rarely,Sales,12,Technical Degree,2,Female,Sales Executive,3,Single,6577,19558,0,No,11,3,2,6,6,3,5,4,4,26-35,5k-10k
RM1220,29,No,Travel_Rarely,Research & Development,9,Medical,4,Female,Laboratory Technician,3,Married,2974,25412,9,No,17,3,3,9,2,3,5,3,1,26-35,Upto 5k
RM1074,28,No,Travel_Rarely,Research & Development,29,Life Sciences,3,Male,Manufacturing Director,2,Married,6549,3173,1,No,14,3,2,8,2,2,8,6,1,26-35,5k-10k
RM185,53,No,Travel_Rarely,Research & Development,13,Medical,4,Female,Manufacturing Director,1,Married,4450,26250,1,No,11,3,3,5,3,3,4,2,1,46-55,Upto 5k
RM200,38,No,Travel_Rarely,Research & Development,29,Technical Degree,4,Male,Manufacturing Director,4,Married,6261,4185,3,No,18,3,1,9,3,1,7,7,1,36-45,5k-10k
RM668,41,Yes,Travel_Rarely,Research & Development,2,Life Sciences,2,Female,Laboratory Technician,4,Divorced,2778,17725,4,Yes,13,3,3,10,1,2,7,7,1,36-45,Upto 5k
RM658,29,No,Travel_Rarely,Research & Development,7,Medical,1,Female,Laboratory Technician,4,Divorced,2532,6054,6,No,14,3,3,8,5,3,4,3,0,26-35,Upto 5k
RM759,59,No,Travel_Rarely,Sales,1,Technical Degree,2,Male,Manager,4,Married,11904,11038,3,Yes,14,3,3,14,1,1,6,4,0,55+,10k-15k
RM1080,39,No,Travel_Rarely,Research & Development,6,Life Sciences,2,Female,Manufacturing Director,2,Single,8376,9150,4,No,18,3,4,9,3,3,2,0,2,36-45,5k-10k
RM940,32,Yes,Travel_Rarely,Research & Development,7,Life Sciences,4,Male,Laboratory Technician,3,Married,4883,22845,1,No,18,3,1,10,3,3,10,4,1,26-35,Upto 5k
RM556,29,No,Travel_Rarely,Sales,10,Marketing,4,Male,Sales Representative,2,Divorced,2297,17967,1,No,14,3,4,2,2,3,2,2,2,26-35,Upto 5k
RM788,55,No,Travel_Frequently,Research & Development,2,Life Sciences,4,Male,Manufacturing Director,2,Married,10976,15813,3,No,18,3,2,23,4,3,3,2,1,46-55,10k-15k
RM317,49,No,Travel_Rarely,Research & Development,1,Technical Degree,3,Female,Healthcare Representative,3,Single,13964,17810,7,Yes,12,3,4,25,2,3,7,1,0,46-55,10k-15k
RM1297,30,No,Travel_Rarely,Research & Development,10,Medical,1,Female,Manufacturing Director,3,Single,9667,2739,9,No,14,3,2,9,3,3,7,7,0,26-35,5k-10k
RM1443,29,Yes,Travel_Rarely,Research & Development,1,Medical,1,Male,Research Scientist,4,Married,4787,26124,9,Yes,14,3,2,4,3,4,2,2,2,26-35,Upto 5k
RM587,24,No,Non_Travel,Research & Development,9,Life Sciences,3,Male,Laboratory Technician,2,Divorced,2694,26551,1,No,11,3,3,1,4,3,1,0,0,18-25,Upto 5k
RM1224,47,Yes,Travel_Frequently,Sales,9,Life Sciences,3,Male,Sales Executive,3,Married,12936,24164,7,No,11,3,3,25,3,1,23,5,14,46-55,10k-15k
RM095,32,No,Travel_Rarely,Sales,6,Medical,2,Male,Sales Executive,3,Single,5010,24301,1,No,16,3,1,12,0,3,11,8,5,26-35,5k-10k
RM459,40,No,Non_Travel,Sales,28,Other,3,Male,Sales Executive,1,Divorced,10932,11373,3,No,15,3,3,20,2,3,1,0,0,36-45,10k-15k
RM1362,26,No,Travel_Frequently,Research & Development,6,Other,3,Male,Laboratory Technician,4,Married,2544,7102,0,No,18,3,1,8,3,3,7,7,7,26-35,Upto 5k
RM858,44,Yes,Travel_Rarely,Research & Development,10,Life Sciences,3,Male,Research Scientist,3,Single,2936,10826,1,Yes,11,3,3,6,4,3,6,4,0,36-45,Upto 5k
RM054,35,No,Non_Travel,Research & Development,11,Medical,3,Male,Healthcare Representative,1,Married,9884,8302,2,Yes,13,3,3,10,3,3,4,0,2,26-35,5k-10k
RM732,20,Yes,Travel_Rarely,Research & Development,11,Medical,4,Female,Research Scientist,1,Single,2600,18275,1,Yes,15,3,1,1,2,3,1,0,0,18-25,Upto 5k
RM900,49,No,Travel_Rarely,Research & Development,4,Medical,1,Male,Manager,3,Married,18711,12124,2,No,13,3,3,23,2,4,1,0,0,46-55,15k+
RM426,50,No,Travel_Rarely,Research & Development,29,Life Sciences,2,Male,Manager,3,Married,17046,9314,0,No,15,3,2,28,2,3,27,10,15,46-55,15k+
RM908,44,No,Travel_Rarely,Sales,5,Marketing,2,Male,Manager,2,Married,18213,8751,7,No,11,3,3,26,5,3,22,9,3,36-45,15k+
RM1067,33,No,Travel_Rarely,Research & Development,4,Medical,1,Female,Laboratory Technician,2,Married,3838,8192,8,No,11,3,4,8,5,3,5,4,0,26-35,Upto 5k
RM001,41,Yes,Travel_Rarely,Sales,1,Life Sciences,2,Female,Sales Executive,4,Single,5993,19479,8,Yes,11,3,1,8,0,1,6,4,0,36-45,5k-10k
RM1382,28,No,Non_Travel,Research & Development,16,Medical,3,Male,Research Scientist,3,Single,2144,2122,1,No,14,3,3,5,3,2,5,3,1,26-35,Upto 5k
RM890,27,No,Travel_Rarely,Research & Development,14,Life Sciences,1,Male,Research Scientist,1,Married,2235,14377,1,Yes,14,3,4,9,3,2,9,7,6,26-35,Upto 5k
RM306,36,No,Non_Travel,Research & Development,24,Life Sciences,2,Female,Laboratory Technician,2,Married,5674,6927,7,No,15,3,3,11,3,3,9,8,0,36-45,5k-10k
RM387,37,No,Travel_Rarely,Research & Development,14,Life Sciences,4,Female,Laboratory Technician,1,Divorced,3034,26914,1,No,12,3,3,18,2,2,18,7,12,36-45,Upto 5k
RM1040,34,Yes,Travel_Rarely,Human Resources,9,Technical Degree,1,Female,Human Resources,3,Married,2742,3072,1,No,15,3,4,2,0,3,2,2,2,26-35,Upto 5k
RM809,29,No,Travel_Rarely,Research & Development,28,Life Sciences,3,Female,Research Scientist,4,Divorced,2514,26968,4,No,22,4,1,11,1,3,7,5,1,26-35,Upto 5k
RM1115,48,No,Travel_Rarely,Research & Development,15,Other,3,Female,Research Scientist,1,Married,2367,16530,8,No,12,3,4,10,3,2,8,2,7,46-55,Upto 5k
RM757,32,No,Non_Travel,Research & Development,29,Medical,4,Female,Laboratory Technician,3,Single,4025,11135,9,No,12,3,2,10,2,3,8,7,7,26-35,Upto 5k
RM584,34,No,Travel_Rarely,Sales,8,Life Sciences,3,Female,Sales Executive,1,Married,6500,13305,5,No,17,3,2,6,1,3,3,2,1,26-35,5k-10k
RM991,33,No,Travel_Frequently,Sales,5,Life Sciences,2,Male,Sales Executive,4,Married,9998,19293,6,No,13,3,1,8,2,4,5,4,1,26-35,5k-10k
RM494,44,No,Travel_Rarely,Human Resources,1,Life Sciences,1,Female,Human Resources,3,Single,5985,26894,4,No,11,3,2,10,1,4,2,2,0,36-45,5k-10k
RM1192,31,No,Travel_Rarely,Sales,5,Life Sciences,1,Female,Sales Executive,4,Married,5476,22589,1,No,11,3,1,10,2,3,10,0,0,26-35,5k-10k
RM107,50,No,Travel_Frequently,Research & Development,1,Life Sciences,1,Female,Research Director,2,Married,18172,9755,3,Yes,19,3,1,28,1,2,8,3,0,46-55,15k+
RM060,37,No,Travel_Rarely,Research & Development,1,Life Sciences,1,Male,Manufacturing Director,3,Divorced,5993,2689,1,No,18,3,3,7,2,4,7,5,0,36-45,5k-10k
RM513,27,No,Travel_Rarely,Research & Development,3,Medical,1,Male,Research Scientist,4,Single,2045,15174,0,No,13,3,4,5,0,3,4,2,1,26-35,Upto 5k
RM427,30,No,Non_Travel,Research & Development,2,Medical,3,Female,Laboratory Technician,4,Single,2564,7181,0,No,14,3,3,12,2,2,11,7,6,26-35,Upto 5k
RM446,55,No,Travel_Rarely,Sales,18,Life Sciences,1,Female,Manager,2,Single,16835,9873,3,No,23,4,4,37,2,3,10,9,7,46-55,15k+
RM892,44,No,Travel_Rarely,Research & Development,2,Life Sciences,1,Female,Research Scientist,4,Married,2011,19982,1,No,13,3,4,10,5,3,10,5,7,36-45,Upto 5k
RM290,28,No,Travel_Rarely,Research & Development,8,Life Sciences,4,Female,Research Scientist,4,Single,3310,4488,1,No,21,4,4,5,3,3,5,3,0,26-35,Upto 5k
RM1454,36,No,Travel_Rarely,Sales,11,Marketing,2,Female,Sales Executive,4,Married,6652,14369,4,No,13,3,1,8,2,2,6,3,0,36-45,5k-10k
RM670,39,Yes,Travel_Rarely,Research & Development,6,Medical,4,Male,Laboratory Technician,1,Married,2404,4303,7,Yes,21,4,4,8,2,1,2,2,2,36-45,Upto 5k
RM018,22,No,Non_Travel,Research & Development,16,Medical,4,Male,Laboratory Technician,4,Divorced,2935,7324,1,Yes,13,3,2,1,2,2,1,0,0,18-25,Upto 5k
RM336,40,No,Travel_Rarely,Sales,1,Medical,2,Male,Sales Executive,4,Married,7457,13273,2,Yes,22,4,3,6,2,2,4,3,0,36-45,5k-10k
RM973,18,No,Non_Travel,Research & Development,1,Life Sciences,4,Female,Laboratory Technician,4,Single,1611,19305,1,No,15,3,3,0,5,4,0,0,0,18-25,Upto 5k
RM434,46,No,Travel_Rarely,Sales,10,Marketing,3,Female,Sales Executive,4,Married,9071,11563,2,Yes,19,3,3,15,3,3,3,2,1,46-55,5k-10k
RM027,32,Yes,Travel_Frequently,Research & Development,16,Life Sciences,2,Female,Research Scientist,1,Single,3919,4681,1,Yes,22,4,2,10,5,3,10,2,6,26-35,Upto 5k
RM1307,31,No,Travel_Frequently,Sales,7,Marketing,1,Female,Sales Executive,1,Married,9637,8277,2,No,14,3,4,9,3,3,3,2,2,26-35,5k-10k
RM1390,31,No,Travel_Frequently,Research & Development,1,Life Sciences,4,Male,Research Scientist,1,Married,5003,5771,1,No,21,4,2,10,6,3,10,8,8,26-35,5k-10k
RM715,50,No,Travel_Rarely,Research & Development,1,Medical,4,Male,Research Director,4,Married,17399,6615,9,No,22,4,3,32,1,2,5,4,1,46-55,15k+
RM114,24,No,Travel_Rarely,Research & Development,18,Life Sciences,2,Male,Laboratory Technician,3,Married,2774,13257,0,No,12,3,3,6,2,3,5,3,1,18-25,Upto 5k
RM1288,42,No,Travel_Rarely,Research & Development,13,Medical,2,Male,Healthcare Representative,1,Married,5538,5696,5,No,18,3,3,10,2,2,0,0,0,36-45,5k-10k
RM1180,34,No,Travel_Rarely,Research & Development,3,Life Sciences,4,Female,Research Scientist,2,Divorced,5433,19332,1,No,12,3,3,11,2,3,11,8,7,26-35,5k-10k
RM340,27,No,Travel_Rarely,Sales,8,Marketing,2,Female,Sales Executive,2,Married,6214,3415,1,No,18,3,1,8,3,3,8,7,0,26-35,5k-10k
RM1335,27,No,Travel_Frequently,Research & Development,15,Life Sciences,4,Female,Research Scientist,1,Married,4774,23844,0,No,19,3,4,8,2,2,7,6,7,26-35,Upto 5k
RM305,39,No,Travel_Rarely,Research & Development,1,Medical,3,Male,Healthcare Representative,4,Divorced,9613,10942,0,No,17,3,1,19,5,2,18,10,3,36-45,5k-10k
RM718,27,No,Travel_Rarely,Research & Development,16,Technical Degree,3,Female,Laboratory Technician,2,Married,2811,12086,9,No,14,3,2,4,2,3,2,2,2,26-35,Upto 5k
RM1011,55,No,Travel_Rarely,Research & Development,1,Medical,2,Male,Research Director,4,Married,14732,12414,2,No,13,3,4,31,4,4,7,7,0,46-55,10k-15k
RM207,22,No,Travel_Rarely,Research & Development,5,Life Sciences,4,Male,Research Scientist,2,Divorced,2328,12392,1,Yes,16,3,1,4,2,2,4,2,2,18-25,Upto 5k
RM1349,40,No,Travel_Rarely,Research & Development,1,Life Sciences,1,Male,Manager,1,Divorced,16823,18991,2,No,11,3,1,22,3,3,19,7,11,36-45,15k+
RM677,35,No,Travel_Rarely,Research & Development,21,Life Sciences,4,Female,Healthcare Representative,4,Married,4014,19170,1,Yes,25,4,4,10,2,1,10,6,0,26-35,Upto 5k
RM942,30,No,Travel_Rarely,Research & Development,6,Technical Degree,1,Female,Laboratory Technician,4,Married,4627,23631,0,No,12,3,1,10,6,3,9,2,6,26-35,Upto 5k
RM745,37,Yes,Travel_Rarely,Research & Development,11,Medical,1,Female,Healthcare Representative,2,Married,4777,14382,5,No,15,3,1,15,2,1,1,0,0,36-45,Upto 5k
RM040,33,No,Travel_Frequently,Sales,1,Life Sciences,3,Female,Sales Executive,1,Married,5376,3193,2,No,19,3,1,10,3,3,5,3,1,26-35,5k-10k
RM1179,20,No,Travel_Rarely,Sales,2,Medical,3,Female,Sales Representative,3,Single,2783,13251,1,No,19,3,1,2,3,3,2,2,2,18-25,Upto 5k
RM1326,42,No,Travel_Rarely,Research & Development,8,Life Sciences,4,Male,Laboratory Technician,3,Single,3968,13624,4,No,13,3,4,8,3,3,0,0,0,36-45,Upto 5k
RM1099,40,No,Non_Travel,Research & Development,8,Life Sciences,4,Male,Healthcare Representative,4,Divorced,4069,8841,3,Yes,18,3,3,8,2,3,2,2,2,36-45,Upto 5k
RM058,35,No,Travel_Rarely,Research & Development,23,Medical,3,Female,Laboratory Technician,1,Married,4014,16002,3,Yes,15,3,3,4,3,3,2,2,2,26-35,Upto 5k
RM366,46,No,Non_Travel,Research & Development,7,Medical,3,Female,Manufacturing Director,3,Married,5258,16044,2,No,14,3,3,7,2,4,1,0,0,46-55,5k-10k
RM765,28,No,Travel_Rarely,Sales,10,Medical,4,Male,Sales Representative,2,Married,1052,23384,1,No,22,4,2,1,5,3,1,0,0,26-35,Upto 5k
RM158,58,No,Travel_Rarely,Research & Development,9,Medical,2,Female,Research Scientist,2,Married,3346,11873,4,Yes,20,4,2,9,3,2,1,0,0,55+,Upto 5k
RM873,33,No,Travel_Frequently,Sales,25,Medical,2,Female,Sales Executive,3,Married,4539,4905,1,No,12,3,1,10,3,2,10,7,0,26-35,Upto 5k
RM1451,35,No,Travel_Rarely,Human Resources,26,Life Sciences,3,Female,Human Resources,4,Single,8837,16642,1,Yes,16,3,3,9,2,3,9,0,1,26-35,5k-10k
RM1389,32,No,Non_Travel,Research & Development,15,Medical,3,Female,Healthcare Representative,4,Divorced,6667,16542,5,No,18,3,2,9,6,3,5,1,1,26-35,5k-10k
RM574,26,Yes,Travel_Rarely,Sales,8,Technical Degree,4,Male,Sales Executive,1,Single,5326,3064,6,No,17,3,3,6,2,2,4,3,1,26-35,5k-10k
RM220,54,No,Travel_Rarely,Sales,3,Marketing,4,Female,Sales Executive,1,Married,5940,17011,2,No,14,3,4,16,4,3,6,2,0,46-55,5k-10k
RM1000,42,No,Travel_Rarely,Human Resources,10,Human Resources,3,Female,Manager,1,Married,16799,16616,0,No,14,3,3,21,5,3,20,7,0,36-45,15k+
RM137,51,Yes,Travel_Frequently,Research & Development,8,Life Sciences,1,Male,Manufacturing Director,4,Single,10650,25150,2,No,15,3,4,18,2,3,4,2,0,46-55,10k-15k
RM209,40,No,Non_Travel,Research & Development,9,Life Sciences,4,Male,Healthcare Representative,4,Married,4876,14242,9,No,14,3,4,5,5,1,3,2,0,36-45,Upto 5k
RM1273,38,No,Travel_Rarely,Research & Development,6,Other,4,Female,Laboratory Technician,3,Married,3702,16376,1,No,11,3,2,5,3,3,5,4,0,36-45,Upto 5k
RM085,34,No,Travel_Rarely,Research & Development,1,Medical,1,Male,Manufacturing Director,2,Married,4325,17736,1,No,15,3,3,5,2,3,5,2,1,26-35,Upto 5k
RM1418,31,No,Travel_Rarely,Sales,2,Life Sciences,1,Male,Sales Representative,3,Married,3067,6393,0,No,19,3,3,3,1,3,2,2,1,26-35,Upto 5k
RM1103,36,No,Travel_Rarely,Sales,2,Life Sciences,3,Male,Sales Representative,4,Single,2644,17001,3,Yes,21,4,4,7,3,2,3,2,1,36-45,Upto 5k
RM1209,34,No,Travel_Rarely,Research & Development,5,Medical,2,Male,Laboratory Technician,4,Married,3986,11912,1,No,14,3,3,15,3,4,15,10,4,26-35,Upto 5k
RM324,28,Yes,Travel_Rarely,Research & Development,2,Medical,1,Male,Research Scientist,4,Married,3464,24737,5,Yes,13,3,4,5,4,2,3,2,2,26-35,Upto 5k
RM171,27,No,Travel_Rarely,Research & Development,17,Technical Degree,3,Male,Research Scientist,2,Married,3058,13364,0,Yes,16,3,4,6,3,2,5,2,1,26-35,Upto 5k
RM273,28,No,Travel_Rarely,Research & Development,9,Medical,4,Male,Research Scientist,4,Married,2070,2613,1,No,23,4,4,5,3,2,5,2,0,26-35,Upto 5k
RM1355,56,Yes,Travel_Rarely,Research & Development,24,Life Sciences,1,Male,Laboratory Technician,4,Single,2587,10261,1,No,16,3,4,5,3,3,4,2,1,55+,Upto 5k
RM1422,47,No,Non_Travel,Research & Development,1,Medical,3,Female,Research Director,2,Married,11957,17231,0,No,18,3,1,14,3,1,13,8,5,46-55,10k-15k
RM328,39,Yes,Travel_Rarely,Sales,3,Medical,4,Female,Sales Executive,3,Married,5238,17778,4,Yes,18,3,1,12,3,2,1,0,0,36-45,5k-10k
RM903,27,No,Travel_Rarely,Research & Development,4,Life Sciences,1,Male,Research Scientist,3,Divorced,2517,3208,1,No,11,3,2,5,2,3,5,3,0,26-35,Upto 5k
RM1465,26,No,Travel_Rarely,Sales,5,Other,4,Female,Sales Representative,3,Single,2966,21378,0,No,18,3,4,5,2,3,4,2,0,26-35,Upto 5k
RM1465,26,No,Travel_Rarely,Sales,5,Other,4,Female,Sales Representative,3,Single,2966,21378,0,No,18,3,4,5,2,3,4,2,0,26-35,Upto 5k
RM1397,53,Yes,Travel_Rarely,Sales,24,Life Sciences,1,Male,Sales Executive,1,Single,10448,5843,6,Yes,13,3,2,15,2,2,2,2,2,46-55,10k-15k
RM157,51,No,Travel_Rarely,Research & Development,7,Medical,2,Male,Manufacturing Director,3,Married,6132,13983,2,No,17,3,3,10,2,3,1,0,0,46-55,5k-10k
RM1371,47,No,Non_Travel,Research & Development,14,Technical Degree,3,Male,Research Scientist,2,Married,5467,2125,8,No,18,3,3,16,4,4,8,7,1,46-55,5k-10k
RM630,28,No,Travel_Rarely,Human Resources,8,Medical,2,Male,Human Resources,4,Divorced,4936,23965,1,No,13,3,4,6,6,3,5,1,0,26-35,Upto 5k
RM362,40,No,Travel_Rarely,Research & Development,10,Life Sciences,4,Female,Laboratory Technician,3,Married,2213,22495,3,Yes,13,3,3,10,3,3,7,7,1,36-45,Upto 5k
RM1338,28,No,Travel_Rarely,Sales,3,Medical,2,Female,Sales Representative,2,Married,2856,3692,1,No,19,3,4,1,3,3,1,0,0,26-35,Upto 5k
RM1012,36,No,Travel_Rarely,Sales,3,Marketing,1,Female,Sales Executive,2,Single,9278,20763,3,Yes,16,3,4,15,3,3,5,4,0,36-45,5k-10k
RM1155,47,No,Travel_Rarely,Human Resources,26,Life Sciences,4,Female,Manager,3,Married,19658,5220,3,No,11,3,3,27,2,3,5,2,1,46-55,15k+
RM783,30,No,Travel_Rarely,Research & Development,20,Other,3,Male,Manufacturing Director,1,Married,9957,9096,0,No,15,3,3,7,1,2,6,2,0,26-35,5k-10k
RM508,29,No,Travel_Rarely,Sales,3,Medical,2,Female,Sales Executive,3,Married,5561,3487,1,No,14,3,1,6,5,2,6,0,1,26-35,5k-10k
RM377,51,No,Travel_Rarely,Sales,14,Life Sciences,3,Female,Sales Executive,4,Married,4936,14862,4,No,11,3,3,18,2,2,7,7,0,46-55,Upto 5k
RM537,60,No,Travel_Rarely,Sales,16,Marketing,1,Male,Sales Executive,1,Single,5405,11924,8,No,14,3,4,10,1,3,2,2,2,55+,5k-10k
RM1217,43,No,Travel_Rarely,Sales,2,Medical,4,Male,Sales Executive,4,Married,7847,6069,1,Yes,17,3,1,10,3,3,10,9,8,36-45,5k-10k
RM869,28,No,Travel_Rarely,Research & Development,19,Medical,4,Male,Laboratory Technician,1,Married,3196,12449,1,No,12,3,3,6,2,3,6,5,3,26-35,Upto 5k
RM1415,47,No,Travel_Rarely,Research & Development,25,Medical,1,Male,Healthcare Representative,3,Single,8633,13084,2,No,23,4,2,25,3,3,17,14,12,46-55,5k-10k
RM205,38,Yes,Travel_Rarely,Research & Development,29,Medical,2,Male,Healthcare Representative,1,Married,6673,11354,7,Yes,19,3,2,17,2,3,1,0,0,36-45,5k-10k
RM1289,35,No,Non_Travel,Research & Development,2,Medical,2,Male,Manufacturing Director,4,Divorced,5762,24442,2,No,14,3,3,15,6,3,7,7,1,26-35,5k-10k
RM1284,28,No,Travel_Rarely,Research & Development,1,Life Sciences,3,Male,Research Scientist,4,Married,2044,5531,1,No,11,3,3,5,6,4,5,3,0,26-35,Upto 5k
RM150,19,No,Travel_Rarely,Research & Development,3,Medical,2,Female,Laboratory Technician,2,Single,1483,16102,1,No,14,3,4,1,3,3,1,0,0,18-25,Upto 5k
RM821,35,No,Travel_Frequently,Sales,11,Marketing,4,Male,Sales Executive,4,Divorced,4968,18500,1,No,11,3,4,5,3,3,5,2,0,26-35,Upto 5k
RM608,49,Yes,Travel_Rarely,Sales,11,Marketing,3,Female,Sales Executive,4,Married,7654,5860,1,No,18,3,1,9,3,4,9,8,7,46-55,5k-10k
RM867,40,No,Travel_Frequently,Sales,2,Medical,2,Male,Sales Executive,2,Married,4327,25440,5,No,12,3,4,5,2,3,0,0,0,36-45,Upto 5k
RM683,32,No,Non_Travel,Research & Development,1,Life Sciences,3,Female,Laboratory Technician,2,Married,2332,3974,6,No,20,4,3,5,3,3,3,0,0,26-35,Upto 5k
RM766,38,No,Travel_Frequently,Research & Development,3,Other,3,Male,Research Scientist,3,Married,2821,2997,3,No,16,3,1,8,2,3,2,2,2,36-45,Upto 5k
RM680,31,No,Non_Travel,Sales,20,Marketing,4,Female,Sales Executive,3,Married,6932,24406,1,No,13,3,4,9,2,2,9,8,0,26-35,5k-10k
RM116,37,No,Travel_Rarely,Sales,3,Life Sciences,3,Male,Sales Executive,4,Single,7428,14506,2,No,12,3,1,12,3,3,5,3,1,36-45,5k-10k
RM1188,38,No,Travel_Frequently,Research & Development,1,Life Sciences,4,Male,Research Scientist,4,Married,4735,9867,7,No,15,3,4,19,4,4,13,11,2,36-45,Upto 5k
RM341,37,No,Travel_Rarely,Research & Development,5,Medical,4,Male,Manufacturing Director,4,Divorced,6347,23177,7,No,16,3,3,8,2,2,6,2,0,36-45,5k-10k
RM1063,44,No,Travel_Frequently,Research & Development,2,Medical,2,Male,Manufacturing Director,3,Single,10209,19719,5,Yes,18,3,2,16,2,2,2,2,2,36-45,10k-15k
RM1300,40,No,Travel_Rarely,Research & Development,1,Life Sciences,3,Female,Healthcare Representative,4,Divorced,6513,9060,4,No,17,3,4,12,3,3,5,3,0,36-45,5k-10k
RM1458,40,No,Travel_Rarely,Research & Development,2,Medical,3,Female,Research Scientist,3,Married,2001,12549,2,No,14,3,2,20,2,3,5,3,0,36-45,Upto 5k
RM195,45,No,Non_Travel,Research & Development,2,Medical,1,Male,Manager,4,Married,16792,20462,9,No,23,4,4,22,1,3,20,8,11,36-45,15k+
RM067,36,No,Travel_Frequently,Research & Development,11,Life Sciences,2,Male,Manufacturing Director,2,Single,6499,22656,1,No,13,3,3,6,3,3,6,5,0,36-45,5k-10k
RM674,33,No,Travel_Rarely,Research & Development,1,Other,3,Male,Research Scientist,1,Single,2799,3339,3,Yes,11,3,2,6,1,3,3,2,0,26-35,Upto 5k
RM250,45,No,Travel_Frequently,Research & Development,7,Life Sciences,1,Male,Manufacturing Director,3,Married,6434,5118,4,No,17,3,4,9,1,3,3,2,0,36-45,5k-10k
RM923,44,No,Travel_Rarely,Research & Development,4,Life Sciences,3,Male,Manager,1,Divorced,19190,17477,1,No,14,3,4,26,4,2,25,9,14,36-45,15k+
RM1457,35,No,Travel_Frequently,Research & Development,18,Life Sciences,3,Male,Healthcare Representative,3,Married,5689,24594,1,Yes,14,3,4,10,2,4,10,2,0,26-35,5k-10k
RM989,41,No,Travel_Frequently,Research & Development,22,Life Sciences,4,Female,Research Scientist,4,Divorced,5467,13953,3,Yes,14,3,1,12,4,2,6,2,3,36-45,5k-10k
RM1114,32,No,Non_Travel,Research & Development,1,Technical Degree,4,Male,Research Scientist,1,Married,4087,25174,4,No,14,3,2,9,3,2,6,5,1,26-35,Upto 5k
RM979,40,No,Travel_Rarely,Research & Development,2,Medical,2,Female,Healthcare Representative,3,Divorced,6377,13888,5,No,20,4,2,15,0,3,12,11,11,36-45,5k-10k
RM792,35,Yes,Travel_Rarely,Sales,4,Technical Degree,4,Male,Sales Executive,1,Single,9582,10333,0,Yes,22,4,1,9,2,3,8,7,4,26-35,5k-10k
RM1197,41,No,Travel_Rarely,Sales,23,Life Sciences,4,Male,Sales Executive,3,Single,7082,11591,3,Yes,16,3,4,21,2,3,2,0,0,36-45,5k-10k
RM1377,38,No,Travel_Rarely,Research & Development,9,Life Sciences,2,Male,Research Scientist,4,Divorced,4771,14293,2,No,19,3,4,10,0,4,5,2,0,36-45,Upto 5k
RM725,24,No,Travel_Rarely,Research & Development,17,Medical,4,Female,Manufacturing Director,3,Divorced,4377,24117,1,No,15,3,2,5,6,3,4,2,3,18-25,Upto 5k
RM524,50,No,Travel_Rarely,Research & Development,28,Medical,4,Male,Laboratory Technician,3,Married,3221,3297,1,Yes,11,3,3,20,3,3,20,8,3,46-55,Upto 5k
RM1089,42,No,Travel_Rarely,Research & Development,2,Medical,3,Male,Laboratory Technician,2,Married,4841,24052,4,No,14,3,2,4,3,3,1,0,0,36-45,Upto 5k
RM266,29,No,Travel_Rarely,Sales,2,Medical,1,Male,Sales Executive,2,Married,6644,3687,2,No,19,3,2,10,2,3,0,0,0,26-35,5k-10k
RM049,46,No,Travel_Frequently,Sales,5,Marketing,1,Male,Sales Executive,4,Single,5772,20445,4,Yes,21,4,3,14,4,3,9,6,0,46-55,5k-10k
RM889,35,No,Non_Travel,Sales,8,Marketing,3,Female,Sales Executive,4,Married,10377,13755,4,Yes,11,3,2,16,6,2,13,2,4,26-35,10k-15k
RM1348,36,No,Travel_Frequently,Human Resources,2,Human Resources,2,Male,Human Resources,4,Single,3886,4223,1,No,21,4,4,10,2,2,10,1,0,36-45,Upto 5k
RM082,35,No,Travel_Rarely,Research & Development,1,Medical,2,Male,Research Scientist,3,Single,2859,26278,1,No,18,3,1,6,3,3,6,4,0,26-35,Upto 5k
RM1311,58,No,Travel_Frequently,Research & Development,15,Life Sciences,1,Male,Research Director,3,Married,15787,21624,2,Yes,14,3,2,23,3,3,2,2,2,55+,15k+
RM500,33,No,Travel_Rarely,Sales,8,Marketing,3,Male,Sales Executive,3,Divorced,7104,20431,0,No,12,3,4,6,3,3,5,0,1,26-35,5k-10k
RM096,54,No,Travel_Rarely,Research & Development,2,Technical Degree,1,Female,Research Director,3,Married,13549,24001,9,No,12,3,1,16,5,1,4,3,0,46-55,10k-15k
RM1308,28,No,Travel_Rarely,Research & Development,1,Medical,3,Female,Research Scientist,1,Married,3591,12719,1,No,25,4,3,3,3,3,3,2,1,26-35,Upto 5k
RM401,39,No,Travel_Frequently,Research & Development,1,Life Sciences,2,Male,Manager,3,Divorced,19197,8213,1,Yes,14,3,3,21,3,3,21,8,1,36-45,15k+
RM022,36,Yes,Travel_Rarely,Sales,9,Life Sciences,3,Male,Sales Representative,1,Single,3407,6986,7,No,23,4,2,10,4,3,5,3,0,36-45,Upto 5k
RM019,53,No,Travel_Rarely,Sales,2,Life Sciences,1,Female,Manager,4,Married,15427,22021,2,No,16,3,3,31,3,3,25,8,3,46-55,15k+
RM699,35,No,Travel_Rarely,Sales,18,Medical,3,Female,Sales Executive,3,Married,4601,6179,1,No,16,3,2,5,3,3,5,2,1,26-35,Upto 5k
RM797,25,Yes,Travel_Rarely,Research & Development,4,Technical Degree,4,Male,Laboratory Technician,4,Married,3691,4605,1,Yes,15,3,2,7,3,4,7,7,5,18-25,Upto 5k
RM319,27,No,Travel_Rarely,Research & Development,5,Life Sciences,3,Female,Research Scientist,2,Single,2478,20938,1,Yes,12,3,2,4,2,2,4,3,1,26-35,Upto 5k
RM1039,48,No,Travel_Rarely,Sales,7,Marketing,3,Male,Sales Executive,1,Married,5486,24795,4,No,11,3,1,15,3,3,2,2,2,46-55,5k-10k
RM645,31,No,Travel_Rarely,Research & Development,11,Life Sciences,4,Male,Research Scientist,4,Married,2356,14871,3,Yes,19,3,2,8,2,3,6,4,0,26-35,Upto 5k
RM859,53,No,Travel_Rarely,Research & Development,7,Medical,4,Female,Manager,3,Married,18606,18640,3,No,18,3,2,26,6,3,7,7,4,46-55,15k+
RM065,36,No,Travel_Rarely,Research & Development,8,Technical Degree,3,Female,Healthcare Representative,3,Divorced,10096,8202,1,No,13,3,2,17,2,3,17,14,12,36-45,10k-15k
RM1332,48,No,Travel_Rarely,Research & Development,10,Life Sciences,4,Male,Research Director,2,Married,19665,13583,4,No,12,3,4,29,3,3,22,10,12,46-55,15k+
RM1393,35,No,Travel_Rarely,Sales,7,Life Sciences,3,Female,Sales Executive,4,Married,5204,13586,1,Yes,11,3,4,10,2,3,10,8,0,26-35,5k-10k
RM071,59,No,Travel_Frequently,Sales,1,Life Sciences,1,Female,Sales Executive,3,Single,5473,24668,7,No,11,3,4,20,2,2,4,3,1,55+,5k-10k
RM1195,47,No,Travel_Rarely,Sales,2,Life Sciences,2,Female,Manager,2,Married,15972,21086,6,No,14,3,3,29,2,3,3,2,1,46-55,15k+
RM523,37,No,Travel_Rarely,Research & Development,10,Life Sciences,4,Male,Research Scientist,4,Single,4680,15232,3,No,17,3,1,4,2,3,1,0,0,36-45,Upto 5k
RM558,35,No,Non_Travel,Research & Development,2,Life Sciences,4,Female,Healthcare Representative,1,Divorced,5093,4761,2,No,11,3,1,16,2,4,1,0,0,26-35,5k-10k
RM1066,55,No,Travel_Rarely,Research & Development,4,Life Sciences,4,Male,Healthcare Representative,3,Married,4035,16143,0,Yes,16,3,2,4,2,3,3,2,1,46-55,Upto 5k
RM709,36,No,Non_Travel,Sales,8,Technical Degree,1,Male,Sales Executive,4,Divorced,5079,25952,4,No,13,3,4,12,3,3,7,7,0,36-45,5k-10k
RM050,35,No,Travel_Rarely,Research & Development,8,Life Sciences,4,Male,Laboratory Technician,4,Married,2269,4892,1,No,19,3,4,1,2,3,1,0,0,26-35,Upto 5k
RM631,22,No,Travel_Rarely,Research & Development,1,Life Sciences,4,Male,Manufacturing Director,4,Married,4775,19146,6,No,22,4,1,4,2,1,2,2,2,18-25,Upto 5k
RM649,37,No,Travel_Frequently,Sales,21,Medical,3,Female,Sales Representative,4,Married,2973,21222,5,No,15,3,2,10,3,3,5,4,0,36-45,Upto 5k
RM298,35,No,Travel_Rarely,Sales,16,Marketing,3,Male,Sales Executive,2,Married,8020,5100,0,No,15,3,3,12,3,2,11,9,6,26-35,5k-10k
RM343,31,No,Travel_Rarely,Research & Development,7,Medical,3,Female,Manufacturing Director,4,Single,7143,25713,1,Yes,14,3,3,11,2,2,11,9,4,26-35,5k-10k
RM1139,50,No,Travel_Frequently,Research & Development,20,Medical,2,Male,Healthcare Representative,3,Married,11245,20689,2,Yes,15,3,3,32,3,3,30,8,12,46-55,10k-15k
RM756,45,No,Travel_Rarely,Sales,11,Life Sciences,4,Female,Manager,4,Married,17650,5404,3,No,13,3,2,26,4,4,9,3,1,36-45,15k+
RM493,48,No,Travel_Rarely,Research & Development,1,Life Sciences,4,Female,Manager,1,Married,15402,17997,7,No,11,3,1,21,3,1,3,2,0,46-55,15k+
RM1222,45,No,Non_Travel,Research & Development,1,Life Sciences,3,Male,Healthcare Representative,3,Married,10748,3395,3,No,23,4,4,25,3,2,23,15,14,36-45,10k-15k
RM1386,34,No,Travel_Rarely,Sales,13,Medical,4,Male,Sales Executive,3,Divorced,8628,22914,1,No,18,3,3,9,2,2,8,7,1,26-35,5k-10k
RM1281,37,No,Travel_Rarely,Human Resources,8,Other,3,Male,Human Resources,2,Divorced,4071,12832,2,No,13,3,3,19,4,2,10,0,4,36-45,Upto 5k
RM773,56,No,Travel_Frequently,Research & Development,9,Medical,1,Female,Research Scientist,3,Married,2942,12154,2,No,19,3,2,18,4,3,5,4,0,55+,Upto 5k
RM140,30,No,Travel_Rarely,Human Resources,9,Human Resources,3,Male,Human Resources,4,Married,6347,13982,0,Yes,19,3,4,12,2,1,11,9,4,26-35,5k-10k
RM042,27,No,Travel_Rarely,Research & Development,2,Life Sciences,4,Female,Laboratory Technician,1,Divorced,2341,19715,1,No,13,3,4,1,6,3,1,0,0,26-35,Upto 5k
RM1106,33,No,Travel_Rarely,Sales,8,Life Sciences,1,Male,Sales Executive,1,Married,6392,10589,2,No,13,3,4,8,6,1,2,2,2,26-35,5k-10k
RM213,27,No,Travel_Frequently,Sales,20,Life Sciences,4,Female,Sales Executive,3,Single,9981,12916,1,No,14,3,4,7,2,3,7,7,0,26-35,5k-10k
RM586,23,Yes,Travel_Rarely,Research & Development,6,Life Sciences,3,Male,Laboratory Technician,1,Married,1601,3445,1,Yes,21,4,3,1,2,3,0,0,0,18-25,Upto 5k
RM474,49,No,Travel_Rarely,Research & Development,18,Life Sciences,4,Male,Research Director,3,Married,19502,2125,1,Yes,17,3,3,31,5,3,31,9,0,46-55,15k+
RM1120,38,No,Travel_Rarely,Sales,14,Life Sciences,3,Male,Sales Executive,2,Married,9924,12355,0,No,11,3,4,10,3,3,9,8,7,36-45,5k-10k
RM478,50,No,Travel_Frequently,Human Resources,3,Medical,1,Male,Manager,2,Married,18200,7999,1,No,11,3,3,32,2,3,32,5,10,46-55,15k+
RM1064,29,No,Travel_Rarely,Sales,19,Life Sciences,3,Male,Sales Executive,3,Divorced,8620,23757,1,No,14,3,3,10,3,3,10,7,0,26-35,5k-10k
RM255,29,No,Travel_Rarely,Sales,20,Marketing,4,Male,Sales Executive,4,Divorced,6931,10732,2,No,14,3,4,10,2,3,3,2,0,26-35,5k-10k
RM312,45,No,Travel_Frequently,Research & Development,7,Life Sciences,1,Male,Laboratory Technician,1,Divorced,5210,20308,1,No,18,3,1,24,2,3,24,9,9,36-45,5k-10k
RM1367,39,No,Non_Travel,Sales,21,Life Sciences,1,Female,Sales Executive,3,Married,5736,3987,6,No,19,3,3,10,1,3,3,2,1,36-45,5k-10k
RM653,37,No,Non_Travel,Sales,19,Medical,1,Male,Sales Executive,2,Single,7642,4814,1,Yes,13,3,4,10,2,3,10,0,0,36-45,5k-10k
RM595,29,No,Travel_Rarely,Research & Development,23,Life Sciences,3,Male,Research Scientist,3,Married,2700,23779,1,No,24,4,3,10,3,3,10,7,0,26-35,Upto 5k
RM1285,39,No,Travel_Rarely,Research & Development,10,Medical,3,Male,Research Director,3,Single,13464,7914,7,No,21,4,3,9,3,3,4,3,2,36-45,10k-15k
RM1334,46,Yes,Travel_Rarely,Sales,10,Life Sciences,3,Female,Sales Executive,2,Married,7314,14011,5,No,21,4,3,14,2,3,8,7,0,46-55,5k-10k
RM1024,56,No,Travel_Rarely,Research & Development,1,Life Sciences,1,Female,Research Scientist,1,Married,2066,10494,2,No,22,4,4,5,3,4,3,2,1,55+,Upto 5k
RM161,22,No,Travel_Rarely,Research & Development,19,Medical,3,Male,Research Scientist,4,Married,2323,11992,1,No,24,4,1,2,6,3,2,2,2,18-25,Upto 5k
RM861,22,Yes,Travel_Frequently,Research & Development,3,Life Sciences,3,Male,Research Scientist,4,Married,2853,4223,0,Yes,11,3,2,1,5,3,0,0,0,18-25,Upto 5k
RM597,35,No,Travel_Rarely,Research & Development,1,Life Sciences,4,Female,Research Scientist,3,Single,2506,13301,3,No,13,3,3,7,0,3,2,2,2,26-35,Upto 5k
RM1206,32,Yes,Travel_Rarely,Research & Development,2,Life Sciences,4,Male,Laboratory Technician,2,Single,1393,24852,1,No,12,3,1,1,2,3,1,0,0,26-35,Upto 5k
RM376,49,No,Travel_Rarely,Research & Development,7,Other,2,Male,Healthcare Representative,3,Single,10965,12066,8,No,24,4,3,26,2,3,5,2,0,46-55,10k-15k
RM199,38,No,Travel_Rarely,Research & Development,2,Life Sciences,4,Male,Manufacturing Director,3,Married,6553,7259,9,No,14,3,2,14,3,3,1,0,0,36-45,5k-10k
RM805,48,No,Non_Travel,Research & Development,1,Medical,1,Male,Manager,4,Single,16885,16154,2,No,22,4,3,27,3,2,5,4,2,46-55,15k+
RM644,42,No,Travel_Rarely,Research & Development,3,Life Sciences,3,Female,Laboratory Technician,4,Married,5231,23726,2,Yes,13,3,2,17,1,2,5,3,1,36-45,5k-10k
RM1341,36,No,Travel_Rarely,Sales,10,Technical Degree,2,Female,Sales Executive,3,Married,5673,6060,1,Yes,13,3,1,10,4,3,10,9,1,36-45,5k-10k
RM175,45,No,Travel_Rarely,Sales,4,Life Sciences,3,Female,Sales Executive,1,Divorced,5006,6319,4,Yes,11,3,1,9,3,4,5,4,0,36-45,5k-10k
RM641,24,No,Non_Travel,Research & Development,4,Life Sciences,1,Male,Laboratory Technician,4,Married,3162,10778,0,No,17,3,4,6,2,2,5,2,3,18-25,Upto 5k
RM633,42,No,Travel_Frequently,Research & Development,2,Medical,2,Male,Research Scientist,4,Single,2515,9068,5,Yes,14,3,4,8,2,3,2,1,2,36-45,Upto 5k
RM675,58,No,Travel_Rarely,Research & Development,5,Technical Degree,3,Female,Healthcare Representative,2,Married,10552,9255,2,Yes,13,3,4,24,3,3,6,0,0,55+,10k-15k
RM036,43,No,Travel_Rarely,Research & Development,2,Medical,4,Female,Research Scientist,3,Divorced,2645,21923,1,No,12,3,4,6,3,2,5,3,1,36-45,Upto 5k
RM435,31,No,Travel_Rarely,Research & Development,9,Life Sciences,3,Male,Manufacturing Director,2,Divorced,10648,14394,1,No,25,4,4,13,6,4,13,8,0,26-35,10k-15k
RM325,30,No,Travel_Rarely,Research & Development,28,Medical,4,Female,Research Scientist,4,Married,5775,11934,1,No,13,3,4,11,2,3,10,8,1,26-35,5k-10k
RM467,41,No,Travel_Rarely,Sales,2,Life Sciences,2,Female,Manager,1,Married,16595,5626,7,No,16,3,2,22,2,3,18,16,11,36-45,15k+
RM439,35,No,Travel_Rarely,Research & Development,16,Life Sciences,4,Male,Healthcare Representative,3,Married,7632,14295,4,Yes,12,3,3,10,2,3,8,7,0,26-35,5k-10k
RM1403,31,No,Travel_Rarely,Research & Development,2,Medical,4,Female,Laboratory Technician,4,Divorced,1129,17536,1,Yes,11,3,3,1,4,3,1,0,0,26-35,Upto 5k
RM1236,46,No,Travel_Rarely,Sales,2,Life Sciences,3,Male,Sales Executive,4,Divorced,10368,5596,4,Yes,12,3,2,13,5,2,10,6,0,46-55,10k-15k
RM436,33,Yes,Travel_Rarely,Research & Development,15,Medical,2,Male,Manager,3,Married,13610,24619,7,Yes,12,3,4,15,2,4,7,6,7,26-35,10k-15k
RM787,27,No,Non_Travel,Research & Development,8,Life Sciences,1,Male,Laboratory Technician,3,Married,4621,5869,1,No,19,3,4,3,4,3,3,2,1,26-35,Upto 5k
RM1212,37,No,Travel_Frequently,Sales,1,Medical,3,Male,Sales Executive,4,Divorced,9525,7677,1,No,14,3,3,6,2,2,6,3,1,36-45,5k-10k
RM634,36,No,Travel_Rarely,Human Resources,8,Life Sciences,1,Male,Human Resources,1,Married,2342,8635,0,No,21,4,3,6,3,3,5,4,0,36-45,Upto 5k
RM109,25,No,Travel_Rarely,Research & Development,7,Medical,4,Male,Research Scientist,4,Married,2889,26897,1,No,11,3,3,2,2,3,2,2,2,18-25,Upto 5k
RM026,53,No,Travel_Rarely,Research & Development,5,Other,3,Female,Manager,3,Married,19094,10735,4,No,11,3,4,26,3,2,14,13,4,46-55,15k+
RM1029,41,No,Travel_Rarely,Research & Development,5,Medical,2,Male,Research Scientist,3,Married,2127,5561,2,Yes,12,3,1,7,5,2,4,2,0,36-45,Upto 5k
RM1254,33,No,Non_Travel,Sales,2,Marketing,4,Female,Sales Executive,2,Single,5147,10697,8,No,15,3,4,13,2,2,11,7,1,26-35,5k-10k
RM372,29,No,Travel_Rarely,Research & Development,23,Life Sciences,4,Male,Research Scientist,4,Single,2201,18168,9,No,16,3,4,6,4,3,3,2,1,26-35,Upto 5k
RM686,26,No,Travel_Frequently,Sales,1,Medical,3,Male,Sales Executive,1,Single,4294,11148,1,No,12,3,2,7,2,3,7,7,0,26-35,Upto 5k
RM480,24,Yes,Travel_Frequently,Research & Development,7,Life Sciences,1,Female,Laboratory Technician,3,Married,2886,14168,1,Yes,16,3,4,6,4,3,6,3,1,18-25,Upto 5k
RM1110,30,No,Travel_Rarely,Sales,29,Technical Degree,3,Male,Sales Executive,2,Married,9250,17799,3,No,12,3,2,9,3,3,4,2,1,26-35,5k-10k
RM1186,43,No,Travel_Rarely,Research & Development,15,Life Sciences,3,Male,Research Director,3,Married,17603,3525,1,No,24,4,1,14,3,3,14,10,6,36-45,15k+
RM971,27,No,Travel_Rarely,Sales,11,Medical,3,Female,Sales Representative,4,Married,2534,6527,8,No,14,3,2,5,4,3,1,0,0,26-35,Upto 5k
RM1274,22,Yes,Travel_Rarely,Research & Development,8,Medical,3,Female,Laboratory Technician,1,Married,2398,15999,1,Yes,17,3,3,1,6,3,1,0,0,18-25,Upto 5k
RM345,35,No,Travel_Rarely,Research & Development,5,Technical Degree,3,Male,Manufacturing Director,2,Single,8095,18264,0,No,13,3,4,17,5,3,16,6,0,26-35,5k-10k
RM510,33,No,Travel_Frequently,Research & Development,6,Life Sciences,3,Male,Healthcare Representative,4,Divorced,7725,5335,3,No,23,4,3,15,2,1,13,11,4,26-35,5k-10k
RM1363,45,No,Travel_Frequently,Research & Development,1,Medical,2,Male,Healthcare Representative,3,Single,5399,14511,4,No,12,3,3,12,3,3,4,2,0,36-45,5k-10k
RM1318,27,No,Travel_Frequently,Research & Development,5,Life Sciences,4,Female,Laboratory Technician,4,Single,2379,19826,0,Yes,14,3,3,6,3,2,5,4,0,26-35,Upto 5k
RM010,36,No,Travel_Rarely,Research & Development,27,Medical,3,Male,Healthcare Representative,3,Married,5237,16577,6,No,13,3,2,17,3,2,7,7,7,36-45,5k-10k
RM244,40,No,Travel_Rarely,Research & Development,24,Technical Degree,1,Male,Research Scientist,4,Divorced,3319,24447,1,No,17,3,1,9,3,3,9,8,4,36-45,Upto 5k
RM405,28,No,Travel_Rarely,Research & Development,17,Medical,3,Male,Laboratory Technician,1,Divorced,4558,13535,1,No,12,3,4,10,2,3,10,0,1,26-35,Upto 5k
RM300,51,No,Travel_Rarely,Research & Development,2,Medical,4,Male,Manufacturing Director,2,Married,5482,16321,5,No,18,3,4,13,3,3,4,1,1,46-55,5k-10k
RM1129,36,No,Travel_Frequently,Research & Development,6,Life Sciences,1,Male,Laboratory Technician,1,Married,5562,19711,3,Yes,13,3,4,9,3,3,3,2,0,36-45,5k-10k
RM1150,27,No,Travel_Rarely,Research & Development,19,Other,4,Male,Laboratory Technician,1,Divorced,4066,16290,1,No,11,3,1,7,3,3,7,7,0,26-35,Upto 5k
RM433,34,No,Travel_Rarely,Research & Development,2,Life Sciences,4,Male,Research Scientist,3,Divorced,2768,8416,3,No,12,3,3,14,3,3,7,3,5,26-35,Upto 5k
RM1399,33,No,Travel_Frequently,Research & Development,7,Life Sciences,4,Male,Healthcare Representative,3,Divorced,5968,18079,1,No,20,4,3,9,2,3,9,7,2,26-35,5k-10k
RM390,37,No,Travel_Rarely,Research & Development,10,Life Sciences,3,Male,Manufacturing Director,2,Single,4197,21123,2,Yes,12,3,4,18,2,2,1,0,0,36-45,Upto 5k
RM458,18,Yes,Travel_Frequently,Sales,5,Marketing,2,Male,Sales Representative,2,Single,1878,8059,1,Yes,14,3,4,0,3,3,0,0,0,18-25,Upto 5k
RM815,40,No,Travel_Rarely,Research & Development,14,Medical,3,Male,Research Director,3,Single,19626,17544,1,No,14,3,1,21,2,4,20,7,4,36-45,15k+
RM348,47,No,Travel_Frequently,Sales,4,Medical,2,Male,Sales Representative,3,Single,2976,25751,3,No,19,3,1,5,3,3,0,0,0,46-55,Upto 5k
RM346,23,No,Travel_Rarely,Research & Development,26,Life Sciences,3,Male,Research Scientist,4,Divorced,2904,16092,1,No,12,3,3,4,2,2,4,2,0,18-25,Upto 5k
RM380,55,No,Travel_Rarely,Research & Development,2,Life Sciences,3,Female,Manager,4,Single,16659,23258,2,Yes,13,3,3,30,2,3,5,4,1,46-55,15k+
RM261,32,No,Travel_Frequently,Research & Development,7,Life Sciences,2,Male,Laboratory Technician,2,Married,2794,26062,1,No,20,4,3,5,3,1,5,1,0,26-35,Upto 5k
RM121,30,No,Travel_Frequently,Research & Development,23,Life Sciences,1,Male,Research Scientist,3,Divorced,2613,22310,1,No,25,4,3,10,2,2,10,7,0,26-35,Upto 5k
RM1245,30,No,Travel_Frequently,Research & Development,2,Technical Degree,4,Female,Research Scientist,1,Single,4968,26427,0,No,16,3,4,10,2,3,9,7,0,26-35,Upto 5k
RM1255,49,No,Travel_Rarely,Sales,11,Marketing,4,Female,Sales Executive,4,Single,4507,8191,3,No,12,3,3,8,1,4,5,1,0,46-55,Upto 5k
RM1141,44,No,Travel_Rarely,Research & Development,7,Medical,2,Female,Research Director,4,Divorced,19049,3549,0,Yes,14,3,4,23,4,2,22,7,1,36-45,15k+
RM1416,33,No,Non_Travel,Research & Development,1,Medical,2,Male,Laboratory Technician,3,Divorced,2008,20439,1,No,12,3,3,1,2,2,1,1,0,26-35,Upto 5k
RM498,44,No,Travel_Rarely,Research & Development,3,Other,4,Male,Manager,4,Married,19513,9358,4,Yes,12,3,1,26,2,4,2,2,0,36-45,15k+
RM277,35,No,Travel_Rarely,Research & Development,22,Life Sciences,2,Female,Manager,2,Divorced,11996,19100,7,No,18,3,2,10,6,2,7,7,6,26-35,10k-15k
RM142,45,No,Travel_Rarely,Research & Development,29,Medical,3,Male,Research Scientist,4,Single,3452,9752,5,No,13,3,2,9,2,2,6,5,0,36-45,Upto 5k
RM882,32,No,Travel_Frequently,Research & Development,2,Life Sciences,4,Female,Research Scientist,3,Single,4998,2338,4,Yes,14,3,4,10,2,3,8,7,0,26-35,Upto 5k
RM617,51,No,Travel_Rarely,Sales,26,Marketing,1,Female,Manager,3,Married,16307,5594,2,No,14,3,3,29,2,2,20,6,4,46-55,15k+
RM1320,32,No,Travel_Frequently,Sales,10,Marketing,4,Male,Sales Executive,4,Single,4648,26075,8,No,13,3,3,4,2,4,0,0,0,26-35,Upto 5k
RM1328,46,No,Travel_Rarely,Sales,3,Technical Degree,1,Female,Sales Executive,1,Divorced,13225,7739,2,No,12,3,4,25,5,3,19,17,2,46-55,10k-15k
RM354,37,No,Travel_Rarely,Research & Development,6,Medical,3,Male,Research Scientist,1,Divorced,5974,17001,4,Yes,13,3,1,13,2,3,7,7,6,36-45,5k-10k
RM907,34,No,Travel_Rarely,Research & Development,20,Technical Degree,3,Female,Research Scientist,3,Married,2585,21643,0,No,17,3,4,2,5,2,1,0,0,26-35,Upto 5k
RM1202,23,Yes,Travel_Rarely,Research & Development,8,Medical,4,Male,Laboratory Technician,3,Single,3989,20586,1,Yes,11,3,1,5,2,3,5,4,1,18-25,Upto 5k
RM1417,38,No,Travel_Rarely,Sales,1,Life Sciences,4,Male,Sales Executive,2,Married,4440,7636,0,No,15,3,1,16,3,3,15,13,5,36-45,Upto 5k
RM946,50,No,Travel_Rarely,Research & Development,28,Life Sciences,4,Female,Research Director,1,Married,16880,22422,4,Yes,11,3,2,25,2,3,3,2,1,46-55,15k+
RM1456,40,No,Travel_Rarely,Research & Development,2,Life Sciences,3,Male,Research Scientist,3,Single,2809,2725,2,No,14,3,4,8,2,3,2,2,2,36-45,Upto 5k
RM231,52,No,Travel_Rarely,Research & Development,2,Life Sciences,3,Female,Laboratory Technician,4,Single,3212,3300,7,No,15,3,2,6,3,2,2,2,2,46-55,Upto 5k
RM780,51,Yes,Travel_Rarely,Research & Development,4,Life Sciences,1,Male,Research Scientist,3,Married,2461,10332,9,Yes,12,3,3,18,2,4,10,0,2,46-55,Upto 5k
RM007,59,No,Travel_Rarely,Research & Development,3,Medical,3,Female,Research Scientist,1,Married,2670,9964,4,Yes,20,4,1,12,3,2,1,0,0,55+,Upto 5k
RM588,52,No,Travel_Rarely,Research & Development,11,Life Sciences,4,Female,Laboratory Technician,3,Married,3149,21821,8,No,20,4,2,9,3,3,5,2,1,46-55,Upto 5k
RM1049,34,No,Travel_Rarely,Sales,3,Other,4,Male,Sales Executive,1,Single,4759,15891,3,No,18,3,4,15,2,3,13,9,3,26-35,Upto 5k
RM262,38,No,Non_Travel,Sales,2,Life Sciences,4,Male,Sales Executive,4,Married,5249,19682,3,No,18,3,4,13,0,3,8,7,7,36-45,5k-10k
RM246,31,No,Travel_Frequently,Research & Development,3,Medical,2,Male,Research Director,3,Divorced,13675,13523,9,No,12,3,1,9,3,3,2,2,2,26-35,10k-15k
RM072,29,No,Travel_Rarely,Research & Development,2,Life Sciences,3,Male,Research Scientist,2,Married,2703,4956,0,No,23,4,4,6,3,3,5,4,0,26-35,Upto 5k
RM1161,45,No,Travel_Rarely,Research & Development,2,Other,4,Female,Manufacturing Director,4,Divorced,5770,5388,1,No,19,3,1,10,3,3,10,7,3,36-45,5k-10k
RM138,39,No,Travel_Rarely,Sales,4,Life Sciences,4,Female,Sales Executive,3,Married,5902,14590,4,No,14,3,3,17,1,4,15,11,5,36-45,5k-10k
RM1172,40,Yes,Travel_Rarely,Research & Development,7,Life Sciences,1,Male,Laboratory Technician,1,Single,2166,3339,3,Yes,14,3,2,10,3,1,4,2,0,36-45,Upto 5k
RM866,30,No,Travel_Rarely,Sales,29,Life Sciences,3,Male,Sales Executive,1,Divorced,4115,13192,8,No,19,3,3,8,3,3,4,3,0,26-35,Upto 5k
RM904,29,No,Travel_Rarely,Research & Development,7,Life Sciences,3,Male,Healthcare Representative,4,Divorced,6623,4204,1,Yes,11,3,2,6,2,3,6,0,1,26-35,5k-10k
RM798,26,Yes,Travel_Rarely,Research & Development,21,Medical,1,Male,Laboratory Technician,3,Divorced,2377,19373,1,No,20,4,3,1,0,2,1,1,0,26-35,Upto 5k
RM357,42,No,Travel_Rarely,Research & Development,2,Other,1,Male,Healthcare Representative,4,Single,6781,17078,3,No,23,4,2,14,6,3,1,0,0,36-45,5k-10k
RM896,31,No,Travel_Rarely,Research & Development,11,Medical,3,Male,Healthcare Representative,1,Married,6833,17089,1,Yes,12,3,4,6,2,2,6,5,0,26-35,5k-10k
RM682,38,No,Travel_Rarely,Research & Development,1,Technical Degree,4,Female,Research Director,1,Married,13582,16292,1,No,13,3,2,15,3,3,15,12,5,36-45,10k-15k
RM764,34,No,Travel_Rarely,Sales,10,Life Sciences,3,Female,Sales Representative,3,Married,2220,18410,1,Yes,19,3,4,1,2,3,1,1,0,26-35,Upto 5k
RM093,30,No,Travel_Rarely,Sales,4,Medical,3,Female,Sales Executive,2,Divorced,5209,19760,1,Yes,12,3,2,11,4,2,11,8,2,26-35,5k-10k
RM778,21,Yes,Travel_Rarely,Research & Development,10,Life Sciences,3,Female,Laboratory Technician,1,Single,1416,17258,1,No,13,3,1,1,6,2,1,0,1,18-25,Upto 5k
RM1290,38,No,Non_Travel,Human Resources,2,Human Resources,1,Male,Human Resources,2,Divorced,2592,7129,5,No,13,3,4,13,3,3,11,10,3,36-45,Upto 5k
RM1380,27,Yes,Travel_Frequently,Human Resources,22,Human Resources,1,Female,Human Resources,2,Married,2863,19555,1,No,12,3,1,1,2,3,1,0,0,26-35,Upto 5k
RM068,45,No,Travel_Rarely,Research & Development,7,Life Sciences,2,Male,Research Scientist,1,Divorced,9724,18787,2,No,17,3,3,25,2,3,1,0,0,36-45,5k-10k
RM168,30,No,Travel_Rarely,Sales,5,Life Sciences,2,Female,Sales Executive,4,Married,9419,8053,2,No,12,3,3,12,2,3,10,9,7,26-35,5k-10k
RM1095,40,No,Travel_Rarely,Sales,9,Medical,1,Male,Sales Executive,1,Married,5473,19345,0,No,12,3,4,9,5,4,8,4,7,36-45,5k-10k
RM621,35,No,Travel_Rarely,Research & Development,27,Medical,3,Female,Research Scientist,1,Single,2559,17852,1,No,11,3,4,6,3,2,6,5,1,26-35,Upto 5k
RM497,21,No,Travel_Rarely,Sales,22,Technical Degree,3,Male,Sales Representative,3,Single,3447,24444,1,No,11,3,3,3,2,3,3,2,1,18-25,Upto 5k
RM194,43,No,Non_Travel,Research & Development,7,Medical,4,Male,Research Scientist,4,Divorced,2089,5228,4,No,14,3,4,7,3,4,5,4,2,36-45,Upto 5k
RM014,34,No,Travel_Rarely,Research & Development,19,Medical,2,Male,Laboratory Technician,4,Divorced,2661,8758,0,No,11,3,3,3,2,3,2,2,1,26-35,Upto 5k
RM1135,35,No,Travel_Rarely,Research & Development,7,Life Sciences,3,Male,Laboratory Technician,4,Married,2690,7713,1,No,18,3,4,1,5,2,1,0,0,26-35,Upto 5k
RM419,26,No,Travel_Rarely,Research & Development,23,Life Sciences,1,Female,Research Scientist,4,Divorced,2886,3032,1,No,22,4,2,3,3,1,3,2,0,26-35,Upto 5k
RM1200,36,No,Travel_Rarely,Research & Development,26,Life Sciences,1,Male,Healthcare Representative,3,Married,5347,7419,6,No,14,3,2,10,2,2,3,2,0,36-45,5k-10k
RM1384,36,No,Non_Travel,Research & Development,9,Life Sciences,1,Male,Laboratory Technician,2,Married,2810,9238,1,No,22,4,2,5,3,3,5,4,0,36-45,Upto 5k
RM1118,34,No,Travel_Rarely,Research & Development,1,Life Sciences,2,Male,Research Scientist,4,Married,5484,13008,9,No,17,3,2,9,3,2,2,2,2,26-35,5k-10k
RM097,24,No,Travel_Rarely,Sales,3,Other,1,Female,Sales Executive,3,Married,4999,17519,0,No,21,4,1,4,2,2,3,2,0,18-25,Upto 5k
RM117,34,No,Travel_Rarely,Research & Development,5,Medical,3,Female,Manager,1,Single,11631,5615,2,No,12,3,4,14,6,3,11,10,5,26-35,10k-15k
RM1368,27,No,Travel_Rarely,Research & Development,2,Technical Degree,2,Male,Research Scientist,2,Married,2226,6073,1,No,11,3,3,6,3,2,5,3,1,26-35,Upto 5k
RM737,48,No,Travel_Rarely,Research & Development,4,Life Sciences,3,Male,Healthcare Representative,3,Single,10999,22245,7,No,14,3,2,27,3,3,15,11,4,46-55,10k-15k
RM135,26,No,Travel_Rarely,Human Resources,25,Life Sciences,3,Female,Human Resources,3,Married,2942,8916,1,No,23,4,4,8,3,3,8,7,5,26-35,Upto 5k
RM183,41,Yes,Travel_Rarely,Sales,20,Marketing,2,Female,Sales Representative,2,Single,3140,21728,1,Yes,22,4,4,4,5,2,4,3,0,36-45,Upto 5k
RM886,25,No,Travel_Rarely,Sales,10,Life Sciences,3,Male,Sales Executive,4,Single,4950,20623,0,No,14,3,2,5,4,3,4,3,1,18-25,Upto 5k
RM043,26,Yes,Travel_Rarely,Research & Development,25,Life Sciences,1,Male,Laboratory Technician,3,Single,2293,10558,1,No,12,3,3,1,2,2,1,0,0,26-35,Upto 5k
RM008,30,No,Travel_Rarely,Research & Development,24,Life Sciences,4,Male,Laboratory Technician,3,Divorced,2693,13335,1,No,22,4,2,1,2,3,1,0,0,26-35,Upto 5k
RM1050,30,No,Travel_Rarely,Sales,16,Life Sciences,4,Male,Sales Executive,3,Married,5301,2939,8,No,15,3,3,4,2,2,2,1,2,26-35,5k-10k
RM046,41,Yes,Travel_Rarely,Research & Development,12,Technical Degree,2,Female,Research Director,3,Married,19545,16280,1,No,12,3,4,23,0,3,22,15,15,36-45,15k+
RM871,35,No,Travel_Rarely,Sales,17,Life Sciences,3,Male,Sales Executive,1,Married,8966,21026,3,Yes,15,3,4,15,2,3,7,7,1,26-35,5k-10k
RM379,34,Yes,Non_Travel,Sales,19,Marketing,1,Male,Sales Executive,4,Single,5304,4652,8,Yes,13,3,2,9,3,2,5,2,0,26-35,5k-10k
RM514,20,Yes,Travel_Rarely,Research & Development,10,Medical,4,Male,Research Scientist,3,Single,1009,26999,1,Yes,11,3,4,1,5,3,1,0,1,18-25,Upto 5k
RM483,31,Yes,Travel_Rarely,Sales,13,Medical,2,Male,Sales Executive,1,Divorced,4233,11512,2,No,17,3,3,9,2,1,3,1,1,26-35,Upto 5k
RM781,28,Yes,Non_Travel,Research & Development,24,Technical Degree,2,Male,Healthcare Representative,1,Single,8722,12355,1,No,12,3,1,10,2,2,10,7,1,26-35,5k-10k
RM414,42,No,Travel_Frequently,Research & Development,28,Technical Degree,4,Female,Healthcare Representative,4,Married,4523,4386,0,No,11,3,4,7,4,4,6,5,0,36-45,Upto 5k
RM444,22,Yes,Travel_Frequently,Research & Development,4,Technical Degree,3,Male,Laboratory Technician,3,Single,3894,9129,5,No,16,3,3,4,3,3,2,2,1,18-25,Upto 5k
RM977,56,No,Travel_Rarely,Research & Development,23,Life Sciences,4,Male,Manufacturing Director,2,Married,13402,18235,4,Yes,12,3,1,33,0,3,19,16,15,55+,10k-15k
RM1233,35,No,Travel_Rarely,Research & Development,27,Life Sciences,4,Male,Manufacturing Director,3,Married,6883,5151,2,No,16,3,2,17,3,3,7,7,0,26-35,5k-10k
RM1123,29,No,Travel_Rarely,Research & Development,3,Medical,2,Male,Laboratory Technician,1,Single,4723,16213,1,Yes,18,3,4,10,3,3,10,9,1,26-35,Upto 5k
RM381,24,No,Travel_Rarely,Sales,10,Marketing,4,Female,Sales Executive,3,Divorced,4260,5915,1,Yes,12,3,4,5,2,4,5,2,0,18-25,Upto 5k
RM850,43,Yes,Travel_Rarely,Sales,9,Marketing,1,Female,Sales Executive,3,Single,5346,9489,8,No,13,3,2,7,2,2,4,3,1,36-45,5k-10k
RM286,37,No,Travel_Rarely,Research & Development,1,Life Sciences,4,Female,Research Scientist,4,Single,2115,15881,1,No,12,3,2,17,3,3,17,12,5,36-45,Upto 5k
RM994,25,No,Travel_Rarely,Sales,18,Life Sciences,1,Male,Sales Executive,3,Married,6232,12477,2,No,11,3,2,6,3,2,3,2,1,18-25,5k-10k
RM003,37,Yes,Travel_Rarely,Research & Development,2,Other,4,Male,Laboratory Technician,3,Single,2090,2396,6,Yes,15,3,2,7,3,3,0,0,0,36-45,Upto 5k
RM1395,32,No,Travel_Rarely,Research & Development,5,Life Sciences,4,Male,Manufacturing Director,4,Single,9679,10138,8,No,24,4,2,8,1,3,1,0,0,26-35,5k-10k
RM1268,34,No,Non_Travel,Sales,10,Life Sciences,4,Male,Sales Executive,3,Divorced,4001,12313,1,Yes,14,3,3,15,3,3,15,14,0,26-35,Upto 5k
RM702,53,No,Travel_Rarely,Sales,2,Medical,3,Male,Manager,3,Married,14852,13938,6,No,13,3,3,22,3,4,17,13,15,46-55,10k-15k
RM790,44,Yes,Travel_Rarely,Human Resources,1,Medical,2,Male,Human Resources,1,Married,10482,2326,9,No,14,3,4,24,1,3,20,6,3,36-45,10k-15k
RM321,27,No,Travel_Rarely,Sales,2,Life Sciences,4,Male,Sales Executive,3,Single,4478,5242,1,Yes,11,3,1,5,3,3,5,4,0,26-35,Upto 5k
RM1018,27,No,Travel_Rarely,Research & Development,11,Life Sciences,2,Male,Laboratory Technician,1,Married,2099,7679,0,No,14,3,2,6,3,4,5,0,1,26-35,Upto 5k
RM1460,29,No,Travel_Rarely,Research & Development,13,Other,4,Male,Laboratory Technician,2,Married,4025,23679,4,Yes,13,3,1,10,2,3,4,3,0,26-35,Upto 5k
RM708,47,No,Travel_Frequently,Research & Development,16,Medical,3,Male,Manufacturing Director,3,Married,5067,6759,1,Yes,19,3,3,20,3,4,19,10,2,46-55,5k-10k
RM180,38,No,Travel_Rarely,Research & Development,9,Life Sciences,3,Female,Laboratory Technician,4,Single,2288,6319,1,No,12,3,3,2,3,3,2,2,2,36-45,Upto 5k
RM394,34,No,Non_Travel,Sales,4,Marketing,3,Female,Sales Executive,3,Married,6538,12740,9,No,15,3,1,6,3,3,3,2,1,26-35,5k-10k
RM1434,25,No,Travel_Rarely,Sales,8,Other,1,Female,Sales Executive,3,Divorced,4907,13684,0,Yes,22,4,2,6,3,2,5,3,0,18-25,Upto 5k
RM655,39,No,Travel_Rarely,Human Resources,2,Life Sciences,4,Female,Human Resources,4,Married,5204,7790,8,No,11,3,3,13,2,3,5,4,0,36-45,5k-10k
RM1279,36,No,Travel_Rarely,Research & Development,10,Life Sciences,4,Male,Healthcare Representative,1,Married,8321,25949,7,Yes,13,3,4,15,1,3,12,8,5,36-45,5k-10k
RM844,26,No,Travel_Rarely,Research & Development,3,Medical,1,Male,Laboratory Technician,4,Married,4420,13421,1,No,22,4,2,8,2,3,8,7,0,26-35,Upto 5k
RM269,45,No,Travel_Rarely,Research & Development,20,Medical,3,Male,Healthcare Representative,4,Married,13496,7501,0,Yes,14,3,2,21,2,3,20,7,4,36-45,10k-15k
RM1149,39,No,Travel_Rarely,Research & Development,10,Medical,2,Male,Manufacturing Director,1,Married,5377,3835,2,No,13,3,4,10,3,3,7,7,7,36-45,5k-10k
RM016,29,No,Travel_Rarely,Research & Development,21,Life Sciences,2,Female,Manufacturing Director,1,Divorced,9980,10195,1,No,11,3,3,10,1,3,10,9,8,26-35,5k-10k
RM723,38,No,Travel_Frequently,Research & Development,10,Medical,3,Male,Research Scientist,3,Married,2684,12127,0,No,17,3,2,3,0,2,2,1,0,36-45,Upto 5k
RM004,33,No,Travel_Frequently,Research & Development,3,Life Sciences,4,Female,Research Scientist,3,Married,2909,23159,1,Yes,11,3,3,8,3,3,8,7,3,26-35,Upto 5k
RM1374,38,No,Travel_Frequently,Research & Development,8,Medical,4,Female,Research Scientist,2,Divorced,2133,18115,1,Yes,16,3,3,20,3,3,20,11,0,36-45,Upto 5k
RM1204,53,No,Travel_Rarely,Research & Development,24,Medical,2,Male,Healthcare Representative,4,Married,7005,3458,3,No,15,3,3,11,2,3,4,3,1,46-55,5k-10k
RM151,40,No,Travel_Frequently,Research & Development,26,Medical,2,Female,Research Scientist,2,Divorced,5605,8504,1,No,11,3,1,20,2,3,20,7,2,36-45,5k-10k
RM1425,35,No,Travel_Rarely,Research & Development,9,Medical,2,Male,Research Scientist,3,Single,5098,18698,1,No,19,3,2,10,5,3,10,7,0,26-35,5k-10k
RM1358,42,No,Travel_Rarely,Research & Development,6,Medical,3,Male,Research Director,1,Married,13348,14842,9,No,13,3,2,18,3,4,13,7,5,36-45,10k-15k
RM221,36,No,Travel_Rarely,Research & Development,5,Life Sciences,4,Male,Laboratory Technician,2,Single,5914,9945,8,No,16,3,4,16,3,4,13,11,3,36-45,5k-10k
RM547,29,No,Travel_Rarely,Sales,10,Life Sciences,3,Male,Sales Representative,3,Single,2642,2755,1,No,11,3,3,1,6,3,1,0,0,26-35,Upto 5k
RM504,34,No,Travel_Rarely,Research & Development,1,Life Sciences,2,Male,Research Scientist,4,Married,2691,7660,1,No,12,3,4,10,4,2,10,9,8,26-35,Upto 5k
RM418,40,No,Travel_Rarely,Sales,2,Life Sciences,3,Female,Manager,3,Married,18041,13022,0,No,14,3,4,21,2,3,20,15,1,36-45,15k+
RM424,30,No,Non_Travel,Sales,22,Other,3,Female,Sales Executive,1,Married,8412,2890,0,No,11,3,3,10,3,3,9,8,7,26-35,5k-10k
RM1036,31,No,Travel_Rarely,Human Resources,8,Medical,4,Female,Human Resources,2,Single,2109,24609,9,No,18,3,4,8,3,3,3,2,0,26-35,Upto 5k
RM086,56,No,Travel_Rarely,Research & Development,7,Life Sciences,4,Male,Manufacturing Director,4,Single,7260,21698,4,No,11,3,1,37,3,2,6,4,0,55+,5k-10k
RM835,34,No,Travel_Rarely,Sales,9,Life Sciences,2,Female,Sales Executive,3,Married,5714,5829,1,No,20,4,1,6,3,2,6,5,1,26-35,5k-10k
RM420,30,No,Non_Travel,Research & Development,3,Life Sciences,3,Male,Laboratory Technician,4,Married,2097,16734,4,No,15,3,3,9,3,1,5,3,1,26-35,Upto 5k
RM239,32,No,Travel_Rarely,Sales,4,Life Sciences,3,Female,Sales Representative,2,Married,3931,20990,2,No,11,3,1,6,5,3,4,3,1,26-35,Upto 5k
RM853,29,No,Travel_Rarely,Research & Development,6,Medical,2,Female,Laboratory Technician,4,Married,3131,26342,1,No,13,3,1,10,5,3,10,8,0,26-35,Upto 5k
RM862,46,No,Travel_Rarely,Sales,2,Marketing,3,Female,Manager,1,Married,17048,24097,8,No,23,4,1,28,2,3,26,15,15,46-55,15k+
RM1101,35,No,Travel_Rarely,Sales,28,Life Sciences,2,Female,Sales Representative,3,Married,2430,26204,0,No,23,4,1,6,5,3,5,3,4,26-35,Upto 5k
RM270,36,No,Travel_Rarely,Research & Development,6,Life Sciences,4,Male,Laboratory Technician,4,Married,3210,20251,0,No,11,3,3,16,4,3,15,13,10,36-45,Upto 5k
RM1392,38,No,Travel_Rarely,Sales,1,Life Sciences,1,Male,Sales Representative,1,Single,2858,11473,4,No,14,3,1,20,3,2,1,0,0,36-45,Upto 5k
RM698,29,No,Travel_Frequently,Sales,20,Technical Degree,3,Female,Sales Representative,4,Married,2157,18203,1,No,15,3,2,3,5,3,3,1,0,26-35,Upto 5k
RM1391,28,Yes,Travel_Rarely,Research & Development,17,Technical Degree,3,Male,Laboratory Technician,4,Divorced,2367,18779,5,No,12,3,1,6,2,2,4,1,0,26-35,Upto 5k
RM972,51,No,Travel_Rarely,Research & Development,11,Technical Degree,4,Female,Manufacturing Director,2,Single,13142,24439,3,No,16,3,2,29,1,2,5,2,0,46-55,10k-15k
RM522,27,No,Travel_Frequently,Sales,3,Medical,4,Female,Sales Executive,4,Divorced,4647,16673,1,Yes,20,4,2,6,3,3,6,5,0,26-35,Upto 5k
RM243,41,No,Travel_Rarely,Research & Development,19,Life Sciences,3,Male,Research Scientist,1,Divorced,3072,19877,2,No,16,3,1,17,2,2,1,0,0,36-45,Upto 5k
RM1023,37,No,Non_Travel,Research & Development,5,Technical Degree,3,Male,Laboratory Technician,3,Single,3500,25470,0,No,14,3,1,7,2,1,6,5,1,36-45,Upto 5k
RM228,29,No,Travel_Frequently,Sales,1,Medical,2,Female,Sales Executive,4,Married,7918,6599,1,No,14,3,4,11,5,3,11,10,4,26-35,5k-10k
RM258,40,No,Travel_Rarely,Research & Development,2,Medical,1,Male,Research Director,3,Divorced,19436,5949,0,No,19,3,4,22,5,3,21,7,3,36-45,15k+
RM640,49,No,Travel_Rarely,Research & Development,1,Technical Degree,3,Female,Research Scientist,1,Married,3580,10554,2,No,16,3,2,7,2,3,4,2,0,46-55,Upto 5k
RM106,59,No,Non_Travel,Human Resources,2,Human Resources,3,Female,Manager,4,Married,18844,21922,9,No,21,4,4,30,3,3,3,2,2,55+,15k+
RM496,27,Yes,Travel_Rarely,Sales,2,Marketing,3,Male,Sales Representative,1,Divorced,3041,16346,0,No,11,3,2,5,3,3,4,3,0,26-35,Upto 5k
RM868,50,No,Travel_Frequently,Research & Development,2,Medical,4,Female,Manager,1,Married,17856,9490,2,No,22,4,3,32,3,3,2,2,2,46-55,15k+
RM1317,43,No,Travel_Frequently,Sales,2,Life Sciences,1,Male,Sales Executive,4,Married,5675,19246,1,No,20,4,3,7,5,3,7,7,7,36-45,5k-10k
RM1070,28,No,Travel_Rarely,Research & Development,1,Life Sciences,1,Male,Research Scientist,3,Divorced,1563,12530,1,No,14,3,4,1,2,1,1,0,0,26-35,Upto 5k
RM665,36,No,Travel_Rarely,Research & Development,14,Life Sciences,3,Male,Healthcare Representative,4,Married,6586,4821,0,Yes,17,3,1,17,2,2,16,8,4,36-45,5k-10k
RM147,30,No,Travel_Rarely,Research & Development,2,Medical,2,Male,Laboratory Technician,4,Single,2720,11162,0,No,13,3,4,6,3,3,5,3,1,26-35,Upto 5k
RM664,21,Yes,Travel_Rarely,Research & Development,18,Other,4,Female,Research Scientist,4,Single,2693,8870,1,No,19,3,1,1,3,2,1,0,0,18-25,Upto 5k
RM920,59,No,Travel_Rarely,Research & Development,18,Medical,4,Male,Manufacturing Director,4,Single,10512,20002,6,No,12,3,4,25,6,2,9,7,5,55+,10k-15k
RM241,39,No,Travel_Rarely,Research & Development,1,Medical,3,Female,Laboratory Technician,3,Divorced,2232,15417,7,No,14,3,3,7,1,3,3,2,1,36-45,Upto 5k
RM1312,18,No,Non_Travel,Research & Development,14,Medical,2,Female,Research Scientist,3,Single,1514,8018,1,No,16,3,3,0,4,1,0,0,0,18-25,Upto 5k
RM570,36,No,Non_Travel,Sales,8,Life Sciences,1,Male,Sales Executive,1,Single,7587,14229,1,No,15,3,2,10,1,3,10,7,0,36-45,5k-10k
RM052,28,Yes,Travel_Rarely,Research & Development,5,Technical Degree,3,Male,Laboratory Technician,3,Single,3441,11179,1,Yes,13,3,3,2,3,2,2,2,2,26-35,Upto 5k
RM064,59,No,Travel_Rarely,Sales,25,Life Sciences,1,Female,Sales Executive,1,Single,7637,2354,7,No,11,3,4,28,3,2,21,16,7,55+,5k-10k
RM153,53,No,Travel_Rarely,Sales,6,Marketing,2,Male,Sales Representative,3,Married,2306,16047,2,Yes,20,4,4,13,3,1,7,7,4,46-55,Upto 5k
RM990,37,No,Travel_Rarely,Research & Development,4,Life Sciences,3,Male,Research Scientist,3,Married,2996,5182,7,Yes,15,3,4,8,2,3,6,4,1,36-45,Upto 5k
RM1088,34,No,Travel_Rarely,Sales,7,Technical Degree,2,Male,Sales Representative,3,Married,2308,4944,0,Yes,25,4,2,12,4,3,11,10,5,26-35,Upto 5k
RM1208,55,No,Travel_Rarely,Research & Development,22,Technical Degree,1,Male,Research Scientist,2,Married,3537,23737,5,No,12,3,4,8,1,3,4,2,1,46-55,Upto 5k
RM729,54,No,Travel_Rarely,Research & Development,17,Technical Degree,3,Female,Manufacturing Director,3,Married,10739,13943,8,No,11,3,3,22,2,3,10,7,0,46-55,10k-15k
RM525,34,No,Travel_Rarely,Research & Development,9,Medical,4,Female,Healthcare Representative,2,Single,8621,17654,1,No,14,3,2,9,3,4,8,7,7,26-35,5k-10k
RM1372,56,No,Travel_Rarely,Sales,11,Marketing,4,Female,Sales Executive,1,Married,5380,20328,4,No,16,3,3,6,3,3,0,0,0,55+,5k-10k
RM055,26,No,Travel_Rarely,Sales,23,Marketing,3,Female,Sales Executive,4,Married,4157,21436,7,Yes,19,3,3,5,2,2,2,2,0,26-35,Upto 5k
RM1401,38,No,Travel_Frequently,Human Resources,1,Other,4,Male,Human Resources,2,Married,2991,5224,0,Yes,11,3,2,7,2,3,6,2,1,36-45,Upto 5k
RM1034,31,Yes,Travel_Frequently,Research & Development,1,Life Sciences,3,Female,Manufacturing Director,2,Single,7446,8931,1,No,11,3,1,10,2,3,10,8,4,26-35,5k-10k
RM1038,45,No,Travel_Rarely,Research & Development,29,Technical Degree,2,Male,Manufacturing Director,4,Married,9380,14720,4,Yes,18,3,4,10,4,4,3,1,1,36-45,5k-10k
RM751,44,No,Travel_Rarely,Sales,28,Medical,4,Female,Sales Executive,4,Married,13320,11737,3,Yes,18,3,3,23,2,3,12,11,11,36-45,10k-15k
RM415,24,Yes,Travel_Rarely,Sales,1,Technical Degree,1,Female,Sales Representative,2,Single,3202,21972,1,Yes,16,3,2,6,4,3,5,3,1,18-25,Upto 5k
RM914,45,Yes,Travel_Rarely,Sales,2,Marketing,1,Female,Manager,2,Single,18824,2493,2,Yes,16,3,1,26,2,3,24,10,1,36-45,15k+
RM289,26,Yes,Travel_Rarely,Research & Development,16,Medical,1,Male,Laboratory Technician,2,Divorced,2373,14180,2,Yes,13,3,4,5,2,3,3,2,0,26-35,Upto 5k
RM870,46,No,Travel_Rarely,Research & Development,15,Life Sciences,4,Male,Research Director,2,Married,19081,10849,5,No,11,3,1,25,2,3,4,2,0,46-55,15k+
RM165,27,No,Non_Travel,Research & Development,3,Medical,3,Male,Research Scientist,3,Divorced,2566,25326,1,Yes,15,3,4,1,2,2,1,1,0,26-35,Upto 5k
RM820,28,No,Travel_Rarely,Research & Development,2,Life Sciences,1,Male,Research Scientist,2,Married,3201,19911,0,No,17,3,1,6,2,1,5,3,0,26-35,Upto 5k
RM166,50,No,Travel_Rarely,Research & Development,11,Life Sciences,3,Female,Manager,2,Single,19926,17053,3,No,15,3,2,21,5,3,5,4,4,46-55,15k+
RM666,47,No,Travel_Rarely,Sales,2,Life Sciences,4,Female,Sales Representative,4,Single,3294,13137,1,Yes,18,3,1,3,3,2,3,2,1,46-55,Upto 5k
RM111,51,No,Travel_Frequently,Research & Development,1,Medical,1,Female,Healthcare Representative,1,Single,7484,25796,3,No,20,4,3,23,1,2,13,12,12,46-55,5k-10k
RM1237,36,Yes,Travel_Rarely,Sales,13,Marketing,2,Male,Sales Executive,1,Divorced,6134,8658,5,Yes,13,3,2,16,3,3,2,2,2,36-45,5k-10k
RM855,45,No,Travel_Rarely,Research & Development,7,Medical,1,Female,Research Scientist,3,Married,4477,20100,4,Yes,19,3,3,7,2,2,3,2,0,36-45,Upto 5k
RM032,44,No,Travel_Rarely,Research & Development,10,Other,4,Male,Healthcare Representative,4,Married,6465,19121,2,Yes,13,3,4,9,5,4,4,2,1,36-45,5k-10k
RM1125,39,No,Travel_Rarely,Sales,6,Medical,4,Male,Sales Executive,3,Married,8237,4658,2,No,11,3,1,11,3,3,7,6,7,36-45,5k-10k
RM1002,37,No,Travel_Rarely,Research & Development,11,Medical,1,Female,Laboratory Technician,3,Single,3629,19106,4,No,18,3,1,8,6,3,3,2,0,36-45,Upto 5k
RM267,31,No,Travel_Rarely,Research & Development,23,Medical,2,Male,Healthcare Representative,4,Married,5582,14408,0,No,21,4,2,10,2,3,9,0,7,26-35,5k-10k
RM767,50,No,Travel_Rarely,Research & Development,2,Medical,2,Male,Research Director,3,Married,19237,12853,2,Yes,11,3,4,29,2,2,8,1,7,46-55,15k+
RM887,30,No,Travel_Rarely,Research & Development,1,Medical,4,Male,Research Scientist,2,Married,3579,9369,0,Yes,21,4,1,12,2,3,11,9,5,26-35,Upto 5k
RM1047,44,No,Travel_Rarely,Research & Development,20,Life Sciences,4,Male,Research Scientist,2,Single,3420,21158,1,No,13,3,3,6,3,2,5,2,1,36-45,Upto 5k
RM118,36,No,Travel_Frequently,Sales,11,Technical Degree,2,Female,Sales Executive,4,Married,9738,22952,0,No,14,3,3,10,6,3,9,7,2,36-45,5k-10k
RM214,51,No,Travel_Rarely,Research & Development,8,Life Sciences,2,Male,Research Director,2,Married,12490,15736,5,No,16,3,4,16,5,1,10,9,4,46-55,10k-15k
RM679,48,No,Travel_Rarely,Research & Development,20,Medical,4,Male,Research Scientist,3,Married,2259,5543,4,No,17,3,1,13,2,2,0,0,0,46-55,Upto 5k
RM692,40,No,Travel_Frequently,Research & Development,9,Medical,4,Male,Research Scientist,2,Divorced,3617,25063,8,Yes,14,3,4,3,2,3,1,1,0,36-45,Upto 5k
RM374,27,No,Travel_Rarely,Research & Development,1,Medical,4,Male,Laboratory Technician,2,Divorced,3816,17881,1,No,11,3,2,5,2,3,5,2,0,26-35,Upto 5k
RM1164,37,No,Travel_Rarely,Research & Development,10,Medical,2,Female,Research Scientist,2,Married,3936,9953,1,No,11,3,1,8,2,1,8,4,7,36-45,Upto 5k
RM397,43,No,Travel_Rarely,Research & Development,8,Other,3,Female,Healthcare Representative,3,Divorced,4522,2227,4,Yes,14,3,4,8,3,3,5,2,0,36-45,Upto 5k
RM442,42,No,Travel_Frequently,Research & Development,5,Other,2,Male,Laboratory Technician,3,Married,2093,9260,4,No,17,3,4,8,4,3,2,2,2,36-45,Upto 5k
RM470,32,Yes,Non_Travel,Sales,11,Other,4,Male,Sales Executive,3,Married,4707,23914,8,No,12,3,4,6,2,3,4,2,1,26-35,Upto 5k
RM1007,49,Yes,Travel_Frequently,Research & Development,28,Life Sciences,1,Male,Laboratory Technician,1,Single,4284,22710,3,No,20,4,1,20,2,3,4,3,1,46-55,Upto 5k
RM1370,28,Yes,Travel_Rarely,Sales,13,Marketing,4,Female,Sales Executive,3,Single,9854,23352,3,Yes,11,3,4,6,0,3,2,0,2,26-35,5k-10k
RM303,28,No,Travel_Rarely,Research & Development,16,Medical,2,Male,Healthcare Representative,1,Single,5661,4824,0,No,19,3,3,9,2,3,8,3,0,26-35,5k-10k
RM945,28,No,Non_Travel,Research & Development,1,Life Sciences,3,Female,Laboratory Technician,4,Married,6674,16392,0,No,11,3,1,10,6,3,9,8,7,26-35,5k-10k
RM1026,24,No,Travel_Rarely,Sales,4,Medical,4,Female,Sales Executive,3,Married,4162,15211,1,Yes,12,3,3,5,3,3,5,4,0,18-25,Upto 5k
RM707,40,Yes,Non_Travel,Sales,24,Life Sciences,2,Female,Sales Executive,2,Single,13194,17071,4,Yes,16,3,4,22,2,2,1,0,0,36-45,10k-15k
RM279,26,No,Travel_Frequently,Research & Development,1,Life Sciences,3,Female,Manufacturing Director,2,Divorced,6397,26767,1,No,20,4,1,6,6,1,6,5,1,26-35,5k-10k
RM173,36,No,Travel_Frequently,Research & Development,3,Medical,4,Male,Laboratory Technician,2,Single,2088,15062,4,No,12,3,3,13,3,2,8,7,7,36-45,Upto 5k
RM1343,34,No,Travel_Rarely,Sales,4,Life Sciences,3,Male,Sales Executive,4,Married,9713,24444,2,Yes,13,3,4,9,3,3,5,3,1,26-35,5k-10k
RM330,47,No,Travel_Rarely,Research & Development,5,Life Sciences,4,Male,Research Director,3,Married,18300,16375,4,No,11,3,2,21,2,3,3,2,1,46-55,15k+
RM413,46,No,Travel_Rarely,Research & Development,18,Medical,3,Female,Manufacturing Director,3,Married,4810,26314,2,No,14,3,3,19,5,2,10,7,0,46-55,Upto 5k
RM993,39,No,Non_Travel,Research & Development,25,Life Sciences,3,Male,Healthcare Representative,3,Married,10920,3449,3,No,21,4,2,13,2,3,6,4,0,36-45,10k-15k
RM843,28,Yes,Travel_Rarely,Research & Development,12,Life Sciences,3,Female,Laboratory Technician,4,Married,2515,22955,1,Yes,11,3,4,1,4,2,1,1,0,26-35,Upto 5k
RM053,44,No,Travel_Rarely,Sales,1,Marketing,2,Female,Sales Executive,1,Divorced,5454,4009,5,Yes,21,4,3,9,2,2,4,3,1,36-45,5k-10k
RM409,52,No,Travel_Rarely,Research & Development,4,Life Sciences,4,Female,Manager,4,Married,16555,10310,2,No,13,3,4,31,2,1,5,2,1,46-55,15k+
RM1055,49,No,Travel_Rarely,Research & Development,7,Life Sciences,3,Male,Healthcare Representative,2,Married,10466,20948,3,No,14,3,2,29,3,3,8,7,0,46-55,10k-15k
RM417,38,No,Travel_Frequently,Research & Development,2,Life Sciences,4,Male,Laboratory Technician,4,Married,1702,12106,1,Yes,23,4,3,1,3,3,1,0,0,36-45,Upto 5k
RM1423,35,No,Travel_Rarely,Research & Development,11,Medical,4,Male,Laboratory Technician,3,Married,2660,20232,7,Yes,11,3,3,5,3,3,2,2,2,26-35,Upto 5k
RM786,40,No,Travel_Rarely,Research & Development,20,Technical Degree,1,Male,Healthcare Representative,4,Married,10322,26542,4,No,20,4,4,14,6,3,11,10,11,36-45,10k-15k
RM1045,49,No,Travel_Rarely,Research & Development,5,Technical Degree,1,Male,Healthcare Representative,3,Married,6651,21534,2,No,14,3,2,20,0,2,3,2,1,46-55,5k-10k
RM472,38,No,Travel_Rarely,Research & Development,10,Medical,3,Female,Healthcare Representative,3,Married,9824,22174,3,No,19,3,3,18,4,3,1,0,0,36-45,5k-10k
RM1203,38,No,Travel_Rarely,Research & Development,4,Medical,4,Female,Laboratory Technician,3,Married,3306,26176,7,No,19,3,4,7,5,2,0,0,0,36-45,Upto 5k
RM156,29,No,Non_Travel,Research & Development,1,Technical Degree,4,Male,Manufacturing Director,3,Married,4319,26283,1,No,13,3,1,10,1,3,10,7,0,26-35,Upto 5k
RM1057,28,Yes,Travel_Frequently,Sales,1,Technical Degree,1,Male,Sales Representative,3,Married,2909,15747,3,No,15,3,4,5,3,4,3,2,1,26-35,Upto 5k
RM987,39,No,Travel_Rarely,Sales,21,Life Sciences,1,Male,Sales Executive,4,Married,6120,3567,3,Yes,12,3,4,8,2,4,5,4,1,36-45,5k-10k
RM428,60,No,Travel_Frequently,Sales,28,Marketing,3,Female,Sales Executive,1,Married,10266,2845,4,No,19,3,4,22,5,4,18,13,13,55+,10k-15k
